subscapLine,lineOfAction
ss1,163.5095783346929
ss2,166.8968343455961
ss3,140.51229738938395
ss4,126.23489443085953
