subscapLine,momentArm
ss1,23.379406194518243
ss2,21.819098408108548
ss3,20.52072455466729
ss4,7.586132962568653
