subscapLine,stabilityRatio
ss1,-0.295987330945408
ss2,-0.2326247650011763
ss3,-0.8239788601771274
ss4,-1.3645947019205253
