subscapLine,lineOfAction
ss1,174.53932671942258
ss2,258.8283631761299
ss3,128.21311472539074
ss4,130.8504214514096
