subscapLine,momentArm
ss1,18.05816087464174
ss2,-31.24174890336365
ss3,14.492515217195583
ss4,6.783096722712753
