subscapLine,stabilityRatio
ss1,-0.09517111753108445
ss2,5.788103573099252
ss3,-1.2724623125658836
ss4,-1.1564553179158081
