subscapLine,lineOfAction
ss1,183.68967427290863
ss2,170.7829506205455
ss3,155.39202165895807
ss4,152.62389878486667
