subscapLine,momentArm
ss1,1.9741456717207644
ss2,3.696130282542709
ss3,7.483541700536944
ss4,-2.249042809001919
