subscapLine,stabilityRatio
ss1,0.06458157528944862
ss2,-0.16225363337505974
ss3,-0.45799635321768073
ss4,-0.5176526991273551
