subscapLine,lineOfAction
ss1,172.48837311029084
ss2,167.7408933021749
ss3,118.14342902050032
ss4,111.40002385450829
