subscapLine,lineOfAction
ss1,172.48837311029087
ss2,167.74089330217487
ss3,118.1434290205004
ss4,111.40002385450835
