subscapLine,momentArm
ss1,27.421587553450177
ss2,16.297595388187943
ss3,16.726612998294925
ss4,17.022568001199197
