subscapLine,momentArm
ss1,27.26497142325829
ss2,16.20451301955561
ss3,16.6310803310522
ss4,16.92534501142586
