subscapLine,stabilityRatio
ss1,-0.1318589478296189
ss2,-0.2173005671689517
ss3,-1.8694224480916504
ss4,-2.5516961198613846
