subscapLine,stabilityRatio
ss1,-0.13185894782961832
ss2,-0.21730056136595116
ss3,-1.8694224478812458
ss4,-2.5516961198613783
