subscapLine,lineOfAction
ss1,177.18237115155196
ss2,172.33063670701807
ss3,165.654078104744
ss4,156.82151089193246
