subscapLine,momentArm
ss1,23.803245820343744
ss2,26.575566733860896
ss3,24.89058883874408
ss4,25.34136755537964
