subscapLine,stabilityRatio
ss1,0.04921658149701449
ss2,0.13466085776946898
ss3,0.2557505412243505
ss4,0.4281562160609955
