subscapLine,lineOfAction
ss1,204.49671346092467
ss2,166.4023982906099
ss3,161.43576128097166
ss4,145.6545125726915
