subscapLine,momentArm
ss1,-23.89359020174765
ss2,10.0351368955041
ss3,1.7457890700374212
ss4,-8.515717579959428
