subscapLine,stabilityRatio
ss1,0.4559237329229776
ss2,-0.24187925691872747
ss3,-0.33594011616708075
ss4,-0.6832338482454663
