subscapLine,lineOfAction
ss1,179.12217367131336
ss2,170.9605726840402
ss3,154.5131714642483
ss4,116.09891005805758
