subscapLine,momentArm
ss1,10.151490758885394
ss2,12.950403140512163
ss3,15.676167850109987
ss4,11.645292529733567
