subscapLine,stabilityRatio
ss1,-0.015285033551185273
ss2,-0.15904281672001033
ss3,-0.47594677106053107
ss4,-2.0414292111665966
