subscapLine,lineOfAction
ss1,216.82948028325987
ss2,216.52867730340589
ss3,199.01868657842758
ss4,195.7158523717219
