subscapLine,momentArm
ss1,34.360003970850784
ss2,36.11892425141861
ss3,30.822328292434204
ss4,29.869071308460054
