subscapLine,stabilityRatio
ss1,-0.74884758447532
ss2,-0.7407003097201731
ss3,-0.34468499134516994
ss4,-0.28138086618074876
