subscapLine,lineOfAction
ss1,200.88036065880607
ss2,188.72780455879433
ss3,170.25862597505312
ss4,158.0677147990255
