subscapLine,momentArm
ss1,-15.355698444654776
ss2,-19.668372300890603
ss3,-9.77107739640344
ss4,-9.42897804850757
