subscapLine,stabilityRatio
ss1,0.38172713473841935
ss2,0.15365931698999108
ss3,-0.1716473647527388
ss4,-0.40264587357561993
