subscapLine,lineOfAction
ss1,177.65935027534167
ss2,164.44473062712575
ss3,143.11497572584048
ss4,148.55381142702325
