subscapLine,momentArm
ss1,18.018472484095767
ss2,14.94627388138469
ss3,12.030512218783116
ss4,7.350227174860641
