subscapLine,stabilityRatio
ss1,-0.040869213210683826
ss2,-0.27834309642784333
ss3,-0.750367392541859
ss4,-0.6114755072608379
