subscapLine,lineOfAction
ss1,178.69432392425838
ss2,191.38397495359047
ss3,204.05707290305483
ss4,179.6531298427134
