subscapLine,lineOfAction
ss1,174.87094931695057
ss2,187.5608708430685
ss3,200.2335149539746
ss4,175.82957189363339
