subscapLine,momentArm
ss1,23.319267401601678
ss2,26.010726328911147
ss3,29.585935676282052
ss4,28.459853948211133
