subscapLine,momentArm
ss1,23.26496791776023
ss2,25.95015971720424
ss3,29.517044102266407
ss4,28.39358448300978
