subscapLine,stabilityRatio
ss1,0.08976343059340154
ss2,-0.13272001892539723
ss3,-0.3685926345434516
ss4,0.07291651895534462
