subscapLine,stabilityRatio
ss1,0.02279630461260538
ss2,-0.20133344626831212
ss3,-0.4464227828411685
ss4,0.006054100285159896
