subscapLine,lineOfAction
ss1,181.48552560213747
ss2,182.877196720718
ss3,175.67435177566878
ss4,180.7026255774377
