subscapLine,momentArm
ss1,17.969340437964206
ss2,17.693692489964707
ss3,13.03802714833322
ss4,13.776284104280407
