subscapLine,stabilityRatio
ss1,-0.025920191087754924
ss2,-0.04991674696968003
ss3,0.07588124582957421
ss4,-0.012200957515950387
