subscapLine,lineOfAction
ss1,200.6039902084568
ss2,198.1260057201254
ss3,196.7922380638389
ss4,218.16713613002022
