subscapLine,momentArm
ss1,27.65449751465159
ss2,30.924527313984875
ss3,30.346337920834593
ss4,33.48782275631188
