subscapLine,stabilityRatio
ss1,-0.3758001965955513
ss2,-0.3273439228457389
ss3,-0.30176968184079367
ss4,-0.785731754892845
