subscapLine,lineOfAction
ss1,165.85797644315923
ss2,164.3058342943897
ss3,160.40927136912134
ss4,149.64168446228948
