subscapLine,momentArm
ss1,19.746423112696974
ss2,15.731771454685378
ss3,4.162656446611434
ss4,-1.0582012588267684
