subscapLine,stabilityRatio
ss1,-0.2519507373410175
ss2,-0.28100639034367003
ss3,-0.35591068072463855
ss4,-0.5857210437867918
