subscapLine,lineOfAction
ss1,173.34093639412689
ss2,147.9644709826854
ss3,141.72714864223576
ss4,158.4792825393079
