subscapLine,momentArm
ss1,12.933350272074723
ss2,2.6441802572921107
ss3,2.9354138090336703
ss4,-4.330726536073584
