subscapLine,stabilityRatio
ss1,-0.11674436865345045
ss2,-0.6257342557407768
ss3,-0.7890403666622158
ss4,-0.3943409600328917
