subscapLine,lineOfAction
ss1,165.04305100739109
ss2,
ss3,219.870603318081
ss4,220.8821201121827
