subscapLine,momentArm
ss1,19.33613979185948
ss2,
ss3,33.33919718537733
ss4,30.213355102606155
