subscapLine,stabilityRatio
ss1,0.26709924748533653
ss2,
ss3,-0.8352600287590187
ss4,-0.8656839028884671
