subscapLine,lineOfAction
ss1,176.27175282807298
ss2,167.30997390558213
ss3,112.93412228759044
ss4,126.42906828872299
