subscapLine,momentArm
ss1,17.752065854488055
ss2,8.413091451077248
ss3,12.145613227978147
ss4,10.574343976196145
