subscapLine,stabilityRatio
ss1,-0.06529291602262834
ss2,-0.2252341123694717
ss3,-2.3633556015606865
ss4,-1.354922670319425
