subscapLine,lineOfAction
ss1,175.8315431319578
ss2,167.905836841799
ss3,167.31168059465222
ss4,165.69559957406642
