subscapLine,momentArm
ss1,21.659936124883455
ss2,20.249419366498863
ss3,16.066688032922148
ss4,13.850977542698717
