subscapLine,stabilityRatio
ss1,0.07288193151998391
ss2,0.21427487248866145
ss3,0.22514552431470142
ss4,0.25497861013043505
