subscapLine,lineOfAction
ss1,173.21926867357573
ss2,180.46857057414132
ss3,165.98384011869695
ss4,158.52889225710734
