subscapLine,momentArm
ss1,16.95035222408458
ss2,8.397924751559843
ss3,-2.026583290387914
ss4,-6.461527455554586
