subscapLine,stabilityRatio
ss1,-0.11887046098633582
ss2,0.008179493415129135
ss3,-0.24961658020401484
ss4,-0.3933278189556088
