subscapLine,lineOfAction
ss1,173.62450393304493
ss2,168.65198437174072
ss3,131.37282224503676
ss4,120.77980307723351
