subscapLine,lineOfAction
ss1,173.62450393304493
ss2,168.65198437174078
ss3,131.37282224503664
ss4,120.7798030772334
