subscapLine,momentArm
ss1,27.596454143345365
ss2,15.38259536051558
ss3,12.12091519724592
ss4,12.77262067168427
