subscapLine,momentArm
ss1,27.438839277082536
ss2,15.29473893889243
ss3,12.051687592211112
ss4,12.699670904712907
