subscapLine,stabilityRatio
ss1,-0.11173493766122986
ss2,-0.20070043763546863
ss3,-1.1353522359917352
ss4,-1.6788608682219273
