subscapLine,stabilityRatio
ss1,-0.11173493766122973
ss2,-0.20070044203555693
ss3,-1.135352234091356
ss4,-1.6788608682219197
