subscapLine,lineOfAction
ss1,170.4247322034226
ss2,162.15960129465134
ss3,154.68897316632638
ss4,151.1948130571293
