subscapLine,momentArm
ss1,6.161414778504812
ss2,0.6884858226258758
ss3,-15.275797760773566
ss4,-23.548116561835293
