subscapLine,stabilityRatio
ss1,-0.168712105931358
ss2,-0.32190132420520007
ss3,-0.47293481673135696
ss4,-0.5498991444437701
