subscapLine,lineOfAction
ss1,212.55371767468938
ss2,209.2785039691144
ss3,208.10694732740745
ss4,199.66216376487404
