subscapLine,momentArm
ss1,36.20960028574023
ss2,38.146785180060775
ss3,35.12333082958997
ss4,21.87776870102203
