subscapLine,stabilityRatio
ss1,-0.638409293079661
ss2,-0.560785544310927
ss3,-0.5341346154960828
ss4,-0.3573270257875374
