subscapLine,lineOfAction
ss1,199.74602515540818
ss2,211.24503119720612
ss3,173.13617028742885
ss4,174.7172906184983
