subscapLine,momentArm
ss1,5.048172151325075
ss2,3.0437773550824296
ss3,19.65320180626196
ss4,19.692799762119815
