subscapLine,stabilityRatio
ss1,-0.3589578501351967
ss2,-0.6069708399919032
ss3,0.12034860502538242
ss4,0.09243040695195956
