subscapLine,lineOfAction
ss1,206.8980373209427
ss2,219.36819512570577
ss3,203.10502448447218
ss4,197.8083375615671
