subscapLine,lineOfAction
ss1,206.89803732094273
ss2,219.36819512570582
ss3,203.10502448447224
ss4,197.80833756156713
