subscapLine,momentArm
ss1,27.502049523268994
ss2,34.73199090430725
ss3,27.145733861637282
ss4,23.123406160684926
