subscapLine,momentArm
ss1,25.668087132685283
ss2,32.41590297003522
ss3,25.335532228303876
ss4,21.581431726924716
