subscapLine,stabilityRatio
ss1,-0.5072858844508151
ss2,-0.820484468765688
ss3,-0.42664104060105945
ss4,-0.3212256964010299
