subscapLine,stabilityRatio
ss1,-0.5072858844507551
ss2,-0.8204844703480665
ss3,-0.4266410414955469
ss4,-0.32122569667080586
