subscapLine,lineOfAction
ss1,192.69427598602547
ss2,200.16274162333593
ss3,198.4824232750172
ss4,190.0185011972835
