subscapLine,momentArm
ss1,23.322677007903057
ss2,26.047522008732777
ss3,14.659502760223193
ss4,9.23316432921724
