subscapLine,stabilityRatio
ss1,-0.22500610069930493
ss2,-0.36718019551033987
ss3,-0.33414771999597315
ss4,-0.17651695318143398
