subscapLine,lineOfAction
ss1,201.35050359572898
ss2,192.76764906124043
ss3,177.06324183383202
ss4,162.06877988329444
