subscapLine,lineOfAction
ss1,201.350503595729
ss2,192.76764906124043
ss3,177.06324183383197
ss4,162.0687798832945
