subscapLine,momentArm
ss1,-8.275174029690099
ss2,-14.282172496440985
ss3,-21.398334409175273
ss4,-19.941121057203155
