subscapLine,momentArm
ss1,-8.320740220095628
ss2,-14.360815457790494
ss3,-21.516161608524925
ss4,-20.05092429707852
