subscapLine,stabilityRatio
ss1,0.3909315190946363
ss2,0.22660449453393408
ss3,-0.051299362749028375
ss4,-0.323592133549054
