subscapLine,stabilityRatio
ss1,0.3909315036423668
ss2,0.22660449234755006
ss3,-0.051299363867923525
ss4,-0.3235921341543349
