subscapLine,lineOfAction
ss1,193.2770785400303
ss2,191.4836680738892
ss3,185.4564434651356
ss4,186.7835118434544
