subscapLine,lineOfAction
ss1,193.27707854003012
ss2,191.48366807388902
ss3,185.45644346513564
ss4,186.78351184345462
