subscapLine,momentArm
ss1,27.281181479523287
ss2,24.72031020005112
ss3,5.598113246897185
ss4,3.624376431732886
