subscapLine,momentArm
ss1,27.317277545477435
ss2,24.75301794579349
ss3,5.605520179223031
ss4,3.6291718886607205
