subscapLine,stabilityRatio
ss1,-0.23595849404501604
ss2,-0.20315511908771094
ss3,-0.09552016670635081
ss4,-0.11894805501846974
