subscapLine,stabilityRatio
ss1,-0.23595849649775105
ss2,-0.20315511916698725
ss3,-0.0955201672254227
ss4,-0.11894805615579657
