subscapLine,lineOfAction
ss1,187.94342301229386
ss2,201.71482212531865
ss3,193.52375508968825
ss4,192.68505954308276
