subscapLine,momentArm
ss1,15.25494959
ss2,19.06364176
ss3,16.30139939
ss4,15.38628517
