subscapLine,momentArm
ss1,15.254949591199521
ss2,19.06364175588912
ss3,16.301399392013305
ss4,15.386285170729629
