subscapLine,stabilityRatio
ss1,-0.13934668389161703
ss2,-0.3982620714105872
ss3,-0.2405136633828353
ss4,-0.225058074916282
