subscapLine,lineOfAction
ss1,193.1514610194319
ss2,196.57657061009593
ss3,154.48817812190623
ss4,156.66194492047808
