subscapLine,momentArm
ss1,3.5431118882708903
ss2,5.997764038471908
ss3,24.367885764967767
ss4,20.66209966280635
