subscapLine,stabilityRatio
ss1,-0.2336617210783073
ss2,-0.29745975028757565
ss3,0.47725726304421023
ss4,0.4316535251081731
