subscapLine,lineOfAction
ss1,142.9991823791522
ss2,160.74394590680143
ss3,141.46783317037114
ss4,144.01453236910817
