subscapLine,momentArm
ss1,24.349178874974502
ss2,15.680611207542904
ss3,-4.775498291711061
ss4,-9.38593778271981
