subscapLine,stabilityRatio
ss1,-0.7536037267986422
ss2,-0.3493554663739257
ss3,-0.7963545009246359
ss4,-0.7261879264260339
