subscapLine,lineOfAction
ss1,159.51753276796344
ss2,148.5213207593941
ss3,175.6816358261094
ss4,236.60483441381723
