subscapLine,momentArm
ss1,-2.078955472897696
ss2,-7.609264982694333
ss3,8.316954016965088
ss4,23.616680227784276
