subscapLine,stabilityRatio
ss1,0.373535938548082
ss2,0.6122890480266142
ss3,0.07551271284018422
ss4,-1.5168580838664938
