subscapLine,lineOfAction
ss1,181.43941164650684
ss2,175.35739524689788
ss3,161.76538032280683
ss4,154.307603152316
