subscapLine,lineOfAction
ss1,181.4394116465069
ss2,175.3573952468979
ss3,161.76538032280686
ss4,154.30760315231606
