subscapLine,lineOfAction
ss1,178.02733784511076
ss2,171.94531692257934
ss3,158.3533314596128
ss4,150.89584485020345
