subscapLine,momentArm
ss1,6.932650919096311
ss2,0.9002354510542279
ss3,-9.416776388467492
ss4,-10.99125437781825
