subscapLine,momentArm
ss1,6.997248128563195
ss2,0.9086236850327735
ss3,-9.504520237677266
ss4,-11.093668933178606
