subscapLine,momentArm
ss1,6.533162545045541
ss2,0.8483601149379707
ss3,-8.87414230345021
ss4,-10.357892278469203
