subscapLine,momentArm
ss1,6.9972481285631885
ss2,0.9086236850327772
ss3,-9.504520237677275
ss4,-11.093668933178602
