subscapLine,stabilityRatio
ss1,0.025126435017203387
ss2,-0.0812075842207734
ss3,-0.32945437079181406
ss4,-0.4811105111207512
