subscapLine,stabilityRatio
ss1,0.025126434110857323
ss2,-0.08120758499355184
ss3,-0.3294543709090788
ss4,-0.48111051171689506
