subscapLine,lineOfAction
ss1,173.05970031918986
ss2,90.85169164246267
ss3,121.97313193301082
ss4,115.30959237760416
