subscapLine,momentArm
ss1,18.527150169806486
ss2,-32.21028874678923
ss3,15.372938327614705
ss4,-10.532296855097652
