subscapLine,stabilityRatio
ss1,-0.12094303648277671
ss2,-67.26802162887772
ss3,-1.6019675955544037
ss4,-2.1145193201514787
