subscapLine,lineOfAction
ss1,189.87396168636093
ss2,180.3744300581354
ss3,162.1643253436702
ss4,157.24274687983956
