subscapLine,momentArm
ss1,8.679544546561143
ss2,8.477597604663778
ss3,7.858338928291622
ss4,-1.8700325405038987
