subscapLine,stabilityRatio
ss1,0.17416823199258316
ss2,0.0065613600869281925
ss3,-0.3217414453651162
ss4,-0.4194280501485992
