subscapLine,lineOfAction
ss1,159.26111064407675
ss2,139.7589124400112
ss3,127.08970744135667
ss4,122.28465720063633
