subscapLine,momentArm
ss1,23.80724729783422
ss2,24.295881090267883
ss3,18.155695458950134
ss4,-0.3420094812084545
