subscapLine,stabilityRatio
ss1,-0.3785913178526501
ss2,-0.8459495077235318
ss3,-1.32275731791178
ss4,-1.5828410184178854
