subscapLine,lineOfAction
ss1,192.60368097809703
ss2,176.54041911652672
ss3,163.30512040558614
ss4,194.3050007172053
