subscapLine,lineOfAction
ss1,192.60368097809712
ss2,176.5404191165268
ss3,163.30512040558648
ss4,194.3050007172054
