subscapLine,momentArm
ss1,29.480679969536734
ss2,23.453379261275533
ss3,22.804470187689464
ss4,30.589725543093554
