subscapLine,momentArm
ss1,27.514773455288772
ss2,21.889400712662898
ss3,21.28376386265636
ss4,28.549862799887986
