subscapLine,stabilityRatio
ss1,-0.22359393900570518
ss2,0.060454564937698234
ss3,0.29991696860622086
ss4,-0.25498975552523323
