subscapLine,stabilityRatio
ss1,-0.2235939390056569
ss2,0.060454564937693966
ss3,0.2999169686062074
ss4,-0.2549897555252082
