subscapLine,lineOfAction
ss1,178.62976206877104
ss2,158.52554297185117
ss3,118.62485933675532
ss4,118.62485933675532
