subscapLine,momentArm
ss1,17.052139362747116
ss2,16.00077668165626
ss3,16.05123298453791
ss4,16.05123298453791
