subscapLine,stabilityRatio
ss1,-0.023927344549418538
ss2,-0.3935051881094637
ss3,-1.832211590134339
ss4,-1.832211590134339
