subscapLine,lineOfAction
ss1,179.64235462129318
ss2,151.56436992925168
ss3,156.49257693960476
ss4,146.03922453020039
