subscapLine,momentArm
ss1,27.113644137688723
ss2,23.74853417043292
ss3,12.691433879907471
ss4,-11.254560568033384
