subscapLine,stabilityRatio
ss1,-0.0062421704857852645
ss2,-0.5415019194837871
ss3,-0.43496643062013307
ss4,-0.6735119097888163
