subscapLine,lineOfAction
ss1,193.40404765851721
ss2,201.43420825923283
ss3,203.75642092851245
ss4,209.90706331574495
