subscapLine,momentArm
ss1,32.443619775552804
ss2,35.43421570051888
ss3,30.03820902994709
ss4,30.43148867240397
