subscapLine,stabilityRatio
ss1,-0.2384631191353633
ss2,-0.39283016193801484
ss3,-0.4402386577286715
ss4,-0.5757032080391508
