subscapLine,lineOfAction
ss1,191.19345297031285
ss2,182.6750948963953
ss3,175.87601188707043
ss4,177.52802262475902
