subscapLine,lineOfAction
ss1,191.19345297031273
ss2,182.67509489639528
ss3,175.87601188707046
ss4,177.52802262475916
