subscapLine,momentArm
ss1,26.70723011740954
ss2,23.725766676275622
ss3,20.91059117985313
ss4,19.10707537429739
