subscapLine,momentArm
ss1,26.671940146138834
ss2,23.694416303335448
ss3,20.88296067834678
ss4,19.081827973572548
