subscapLine,stabilityRatio
ss1,-0.1978865671204223
ss2,-0.04672316902256665
ss3,0.07210172669663667
ss4,0.0431709339301264
