subscapLine,stabilityRatio
ss1,-0.1978865671121433
ss2,-0.04672316902258765
ss3,0.07210172669663832
ss4,0.043170933930103815
