subscapLine,lineOfAction
ss1,178.8083238875024
ss2,188.70445260052435
ss3,204.7158929714319
ss4,223.823762479048
