subscapLine,momentArm
ss1,22.858441795880562
ss2,24.841884925582242
ss3,30.09477558585628
ss4,31.096408713310762
