subscapLine,stabilityRatio
ss1,0.02082872222375317
ss2,-0.15307553187228673
ss3,-0.4605153606537136
ss4,-0.9597716709109488
