subscapLine,lineOfAction
ss1,167.9953256910251
ss2,153.05986050665865
ss3,136.68962375915538
ss4,131.4089872918478
