subscapLine,momentArm
ss1,22.182917416526912
ss2,23.38286816786071
ss3,21.51545156341549
ss4,8.190839222746105
