subscapLine,stabilityRatio
ss1,-0.21240807132536946
ss2,-0.5081879519905285
ss3,-0.9426982647616976
ss4,-1.133940013273753
