subscapLine,lineOfAction
ss1,173.07117221942065
ss2,163.24111873360513
ss3,161.58921938938778
ss4,148.95025887947367
