subscapLine,momentArm
ss1,12.841425481975202
ss2,7.552452376433285
ss3,-12.007062720451993
ss4,-8.02725089743619
