subscapLine,stabilityRatio
ss1,-0.12154634400080086
ss2,-0.301442704419352
ss3,-0.3329091833865368
ss4,-0.602090634670793
