subscapLine,lineOfAction
ss1,193.87149375731633
ss2,192.59141626276121
ss3,190.64864811280862
ss4,162.5798350391864
