subscapLine,momentArm
ss1,5.80307627997889
ss2,8.04540449422324
ss3,13.618979010900157
ss4,20.009074458902766
