subscapLine,stabilityRatio
ss1,-0.246947420465726
ss2,-0.2233689644437992
ss3,-0.1880179878497031
ss4,0.31376849119247996
