subscapLine,lineOfAction
ss1,164.27168106479562
ss2,159.5105414694091
ss3,150.14721996010582
ss4,126.86945885440701
