subscapLine,momentArm
ss1,15.817108767605287
ss2,13.860952809423965
ss3,17.245582709715606
ss4,3.9126564116541753
