subscapLine,stabilityRatio
ss1,-0.2812140773476009
ss2,-0.3736296083317429
ss3,-0.5731499453642543
ss4,-1.334252180422784
