subscapLine,lineOfAction
ss1,179.24414760239793
ss2,150.27847961008794
ss3,157.5251726030857
ss4,154.99491354992966
