subscapLine,lineOfAction
ss1,179.244147602398
ss2,150.278479610088
ss3,157.52517260308576
ss4,154.9949135499298
