subscapLine,momentArm
ss1,25.8789898675064
ss2,23.344033965964147
ss3,13.2935053678706
ss4,-8.667685642719121
