subscapLine,momentArm
ss1,26.14674995156972
ss2,23.58556582362571
ss3,13.431048221475821
ss4,-8.75736689566642
