subscapLine,stabilityRatio
ss1,-0.013192418345536593
ss2,-0.5708847434748762
ss3,-0.4136988282877097
ss4,-0.46641569027688773
