subscapLine,stabilityRatio
ss1,-0.013192418290508857
ss2,-0.5708847431823088
ss3,-0.4136988282831256
ss4,-0.4664156902736092
