subscapLine,lineOfAction
ss1,164.4584900908803
ss2,158.81996412533127
ss3,158.81996412533127
ss4,154.61101521719033
