subscapLine,momentArm
ss1,22.755972487898386
ss2,22.32122901552718
ss3,22.32122901552718
ss4,22.56347924624554
