subscapLine,stabilityRatio
ss1,0.27806128379118905
ss2,0.3874664645595677
ss3,0.3874664645595677
ss4,0.474586155959966
