subscapLine,lineOfAction
ss1,155.7797517051003
ss2,164.12168745844758
ss3,149.45913672604198
ss4,129.2600210657386
