subscapLine,momentArm
ss1,36.0623727533126
ss2,28.71287696066821
ss3,23.97739702130488
ss4,7.59283435521791
