subscapLine,stabilityRatio
ss1,-0.4494643026688543
ss2,-0.284444174300615
ss3,-0.5900530043788146
ss4,-1.2235659126641194
