subscapLine,lineOfAction
ss1,193.75166433420617
ss2,189.97948143833537
ss3,194.02556108328616
ss4,205.5783831407815
