subscapLine,momentArm
ss1,26.726397683213168
ss2,21.102525154595146
ss3,22.572852243445507
ss4,22.43964816321282
