subscapLine,stabilityRatio
ss1,-0.2447250991669396
ss2,-0.17588629519597726
ss3,-0.24979847940082342
ss4,-0.4786559138008571
