subscapLine,lineOfAction
ss1,150.88035855728887
ss2,121.58644607181733
ss3,108.68159847721881
ss4,110.23734929844501
