subscapLine,momentArm
ss1,21.807869179652734
ss2,30.074137079345615
ss3,25.37551804740367
ss4,13.418665705243587
