subscapLine,stabilityRatio
ss1,-0.5569349521864755
ss2,-1.623489591033652
ss3,-2.9571677786983455
ss4,-2.7125593189296024
