subscapLine,lineOfAction
ss1,161.28460964349506
ss2,112.67970763332995
ss3,132.1880454393577
ss4,147.64753787393525
