subscapLine,momentArm
ss1,17.82948096950703
ss2,-16.151865256388785
ss3,5.785587525016359
ss4,-1.8078210984959113
