subscapLine,stabilityRatio
ss1,-0.3351799022063594
ss2,-2.14014115537521
ss3,-1.1034161845645516
ss4,-0.6336275625499431
