subscapLine,lineOfAction
ss1,218.48270215377
ss2,223.65224059867734
ss3,202.57435162349066
ss4,186.8605795407881
