subscapLine,momentArm
ss1,37.52584171393891
ss2,41.778753860509234
ss3,31.03535413618843
ss4,4.578281785523991
