subscapLine,stabilityRatio
ss1,-0.794975541920583
ss2,-0.9541516619617395
ss3,-0.41573696277325356
ss4,-0.12032550011339482
