subscapLine,lineOfAction
ss1,176.84433435128562
ss2,173.743011790673
ss3,186.4236302361535
ss4,162.57184825871687
