subscapLine,momentArm
ss1,16.61153595652876
ss2,11.256097811238657
ss3,4.8083513571737315
ss4,13.446214736312065
