subscapLine,stabilityRatio
ss1,0.05513247726178622
ss2,0.10964120012634959
ss3,-0.1125857367538975
ss4,0.31392050785261927
