subscapLine,lineOfAction
ss1,178.29940992832917
ss2,191.67051795009976
ss3,223.38960155209085
ss4,220.40814033210862
