subscapLine,momentArm
ss1,23.211632875746933
ss2,26.908770376136992
ss3,24.98818458289328
ss4,24.196015811329065
