subscapLine,stabilityRatio
ss1,0.029689614900179056
ss2,-0.20654622942212963
ss3,-0.9453092662311453
ss4,-0.851311721502608
