subscapLine,lineOfAction
ss1,196.70515744145672
ss2,197.99971761618463
ss3,187.29283411105087
ss4,187.49602738547716
