subscapLine,momentArm
ss1,27.895929644972764
ss2,26.590948961523367
ss3,19.25654402192906
ss4,17.848885481246896
