subscapLine,stabilityRatio
ss1,-0.30013042425236863
ss2,-0.3249167510678218
ss3,-0.1279758352405691
ss4,-0.13158183421755154
