subscapLine,lineOfAction
ss1,197.11433284587787
ss2,189.95951990237558
ss3,171.33681037512028
ss4,158.82627598675356
