subscapLine,momentArm
ss1,-11.438793689820441
ss2,-20.29960129227255
ss3,-14.317731291392313
ss4,-13.101569580588814
