subscapLine,stabilityRatio
ss1,0.3079219460658042
ss2,0.17571186384197016
ss3,-0.15231659637236428
ss4,-0.3871455576858459
