subscapLine,lineOfAction
ss1,180.9044021405222
ss2,193.79605215206726
ss3,196.7803349148312
ss4,196.7803349148312
