subscapLine,momentArm
ss1,23.808380056002793
ss2,26.032229869331072
ss3,30.267367860411436
ss4,30.267367860411436
