subscapLine,stabilityRatio
ss1,-0.01567368972526657
ss2,-0.245532035721383
ss3,-0.301519369106203
ss4,-0.301519369106203
