subscapLine,lineOfAction
ss1,149.52329884111936
ss2,179.7556298669535
ss3,177.61333399760127
ss4,199.48412929305192
