subscapLine,momentArm
ss1,10.931260667046397
ss2,23.380595368943357
ss3,21.46520227030457
ss4,21.109253520712496
