subscapLine,stabilityRatio
ss1,0.5884974120315926
ss2,0.004265089276857877
ss3,0.04167928933831191
ss4,-0.3538068717067017
