subscapLine,lineOfAction
ss1,178.01476256861125
ss2,187.44099499619867
ss3,243.24500366288427
ss4,222.59331958367105
