subscapLine,lineOfAction
ss1,181.8101377933234
ss2,191.2371094582681
ss3,247.04113594956442
ss4,226.38944278748542
