subscapLine,momentArm
ss1,25.2578128802852
ss2,26.181620613826404
ss3,19.085534009795126
ss4,19.67602758979127
