subscapLine,momentArm
ss1,25.316763582784002
ss2,26.24272744580183
ss3,19.130078865787876
ss4,19.72195063365505
