subscapLine,stabilityRatio
ss1,-0.03158912544468804
ss2,-0.19867848299063257
ss3,-2.360565018605747
ss4,-1.0497284755417424
