subscapLine,stabilityRatio
ss1,0.03467984866859441
ss2,-0.13060494458461844
ss3,-1.9835351143380318
ss4,-0.9193442913925798
