subscapLine,lineOfAction
ss1,224.6243433985496
ss2,189.17749249498598
ss3,193.90389513743185
ss4,191.50537530257665
