subscapLine,momentArm
ss1,36.9953432756458
ss2,16.84741390590035
ss3,17.211392223124562
ss4,14.429812958889713
