subscapLine,stabilityRatio
ss1,-0.9869916657821755
ss2,-0.16167883322185672
ss3,-0.24755514446286134
ss4,-0.2035593150028057
