subscapLine,lineOfAction
ss1,222.98069249099242
ss2,225.3585590023641
ss3,202.41024314243887
ss4,196.44958317056242
