subscapLine,momentArm
ss1,33.37439336293332
ss2,37.95953943497129
ss3,27.934609094499663
ss4,23.767604658783505
