subscapLine,stabilityRatio
ss1,-0.9318108273330684
ss2,-1.0124523692878071
ss3,-0.41237464296058457
ss4,-0.2952561252398386
