subscapLine,lineOfAction
ss1,205.7035619951089
ss2,192.88622747434826
ss3,177.2434356901828
ss4,165.78485811399017
