subscapLine,momentArm
ss1,24.80856905621545
ss2,19.794134476455596
ss3,11.259675714273953
ss4,6.596824921418835
