subscapLine,stabilityRatio
ss1,-0.4813461923552011
ss2,-0.2287777192073764
ss3,0.048148278271579505
ss4,0.2536663354441272
