subscapLine,lineOfAction
ss1,162.85550894612413
ss2,163.00809954025496
ss3,150.18545001403703
ss4,141.67591591704905
