subscapLine,momentArm
ss1,33.4809568019606
ss2,30.765294123469324
ss3,24.160055616582085
ss4,4.557330892989701
