subscapLine,stabilityRatio
ss1,-0.3084828438338764
ss2,-0.30546206640291046
ss3,-0.5729759009172055
ss4,-0.7905396027179523
