subscapLine,lineOfAction
ss1,191.32542775351536
ss2,196.66973104650978
ss3,188.6869632309055
ss4,163.47932482178197
