subscapLine,momentArm
ss1,5.941817553248746
ss2,5.519587768660487
ss3,14.339388648065977
ss4,19.267854204346
