subscapLine,stabilityRatio
ss1,-0.20028614925130533
ss2,-0.29928672810748386
ss3,-0.1527374235763887
ss4,0.29673162134330927
