subscapLine,lineOfAction
ss1,195.77479520841985
ss2,197.94188468931029
ss3,201.80637141794875
ss4,197.81126508158508
