subscapLine,momentArm
ss1,18.437403038345213
ss2,17.577196377080796
ss3,18.590881555595633
ss4,13.007372689179613
