subscapLine,stabilityRatio
ss1,-0.2824964051522714
ss2,-0.3237922061077381
ss3,-0.4001004618509361
ss4,-0.32127842129351764
