subscapLine,lineOfAction
ss1,176.97217120799073
ss2,187.54217372166812
ss3,205.10197626227603
ss4,203.24124473673152
