subscapLine,lineOfAction
ss1,179.95092019925906
ss2,190.5218576573708
ss3,208.08154414155493
ss4,206.22093258953706
