subscapLine,momentArm
ss1,23.660347084639923
ss2,25.709518731675733
ss3,27.63959747556872
ss4,27.275356604611154
