subscapLine,momentArm
ss1,23.605253388423844
ss2,25.649653489217663
ss3,27.575237997603125
ss4,27.21184527041206
