subscapLine,stabilityRatio
ss1,0.000871468221020435
ss2,-0.18573359141018764
ss3,-0.533537833629954
ss4,-0.49251488484589956
