subscapLine,stabilityRatio
ss1,0.052919353770125695
ss2,-0.1324012796988664
ss3,-0.4684784928517687
ss4,-0.42945290353658216
