subscapLine,lineOfAction
ss1,179.16986708330205
ss2,158.70289662276534
ss3,146.1558829015467
ss4,146.4220972546222
