subscapLine,momentArm
ss1,2.7600360803706105
ss2,10.91880063483143
ss3,11.416487283281633
ss4,-4.253621468341083
