subscapLine,stabilityRatio
ss1,-0.014618756263650546
ss2,-0.38985065669330493
ss3,-0.6706191151793418
ss4,-0.6640518478585238
