subscapLine,lineOfAction
ss1,184.1444433547079
ss2,162.80553041121283
ss3,150.16277739689764
ss4,145.67912703726145
