subscapLine,momentArm
ss1,3.403096911109366
ss2,12.479658261671787
ss3,13.198429236044719
ss4,6.30767816425001
