subscapLine,stabilityRatio
ss1,0.07244096196107039
ss2,-0.30948381476390746
ss3,-0.5736274832337135
ss4,-0.6827443258986576
