subscapLine,lineOfAction
ss1,131.08862283160167
ss2,153.42645944204125
ss3,146.56632314662335
ss4,140.2345787786404
