subscapLine,momentArm
ss1,15.612442085336808
ss2,11.906502844930957
ss3,7.360307545668418
ss4,-9.71072401017041
