subscapLine,stabilityRatio
ss1,-1.1467714962440831
ss2,-0.5003955835751023
ss3,-0.6602607169859952
ss4,-0.8323801164481313
