subscapLine,lineOfAction
ss1,178.830494815251
ss2,175.04392178606722
ss3,179.2553854186913
ss4,166.9888516030711
