subscapLine,momentArm
ss1,16.081032516237336
ss2,11.22939872675322
ss3,9.056151338764185
ss4,12.197945611753664
