subscapLine,stabilityRatio
ss1,0.020413626906504317
ss2,0.08671595335954531
ss3,0.012993002961286153
ss4,0.2310729728573059
