subscapLine,lineOfAction
ss1,169.01931984881853
ss2,163.94381888241503
ss3,127.58497282316534
ss4,112.23476405506267
