subscapLine,momentArm
ss1,23.99273233801334
ss2,15.216861738525935
ss3,17.996627747896586
ss4,15.32320076613866
