subscapLine,stabilityRatio
ss1,-0.19402990712768706
ss2,-0.2878061365864841
ss3,-1.2992333981974051
ss4,-2.4461825478267496
