subscapLine,lineOfAction
ss1,165.21668873570474
ss2,151.6053082485499
ss3,148.2890880984997
ss4,146.95409661262144
