subscapLine,momentArm
ss1,22.836308777778115
ss2,23.158172514886648
ss3,17.03566268163977
ss4,1.157215127518112
