subscapLine,stabilityRatio
ss1,-0.2638598426611237
ss2,-0.5404922945774016
ss3,-0.6178907422960077
ss4,-0.6507503413904988
