subscapLine,lineOfAction
ss1,177.3598034576839
ss2,170.13337652045718
ss3,147.91688003053105
ss4,147.01635100489898
