subscapLine,lineOfAction
ss1,177.35980345768394
ss2,170.1333765204572
ss3,147.916880030531
ss4,147.01635100489906
