subscapLine,momentArm
ss1,23.278939323275566
ss2,12.5752278307578
ss3,6.145056810872077
ss4,4.771159389241488
