subscapLine,momentArm
ss1,23.412658788269216
ss2,12.647462768713927
ss3,6.180355399767959
ss4,4.798566002234817
