subscapLine,stabilityRatio
ss1,-0.046112765456891525
ss2,-0.1739299271051847
ss3,-0.6268883501979302
ss4,-0.6490044556519241
