subscapLine,stabilityRatio
ss1,-0.04611276545689321
ss2,-0.17392992602436297
ss3,-0.6268883501978949
ss4,-0.6490044552822578
