subscapLine,lineOfAction
ss1,177.0281138820313
ss2,165.5788901127205
ss3,113.6956713011802
ss4,128.05447126705795
