subscapLine,momentArm
ss1,18.345441795443673
ss2,10.455911665968696
ss3,12.324227142256921
ss4,10.752510201679726
