subscapLine,stabilityRatio
ss1,-0.0519064801117092
ss2,-0.2571156620399713
ss3,-2.278533388643279
ss4,-1.2774367077998385
