subscapLine,lineOfAction
ss1,180.08548179977623
ss2,180.45853142731
ss3,161.95993957799217
ss4,151.1601940003929
