subscapLine,momentArm
ss1,3.5890055598207558
ss2,-16.91518480905521
ss3,-16.739147293125395
ss4,-14.69185408035566
