subscapLine,stabilityRatio
ss1,0.0014812563142681573
ss2,0.007940618169382357
ss3,-0.325703302744554
ss4,-0.5506841081431417
