subscapLine,lineOfAction
ss1,221.08481907480623
ss2,221.08481907480623
ss3,203.68339387777672
ss4,194.5728712173893
