subscapLine,momentArm
ss1,32.62182924478729
ss2,32.62182924478729
ss3,29.028606004340844
ss4,18.493340937269377
