subscapLine,stabilityRatio
ss1,-0.8719004174004394
ss2,-0.8719004174004394
ss3,-0.43862422747943214
ss4,-0.25997488819015946
