subscapLine,lineOfAction
ss1,162.49967250570666
ss2,262.45416403608266
ss3,160.84707565813613
ss4,107.03944476274258
