subscapLine,momentArm
ss1,17.603544680021965
ss2,-12.706988021331776
ss3,17.225328880694555
ss4,3.902913686418043
