subscapLine,stabilityRatio
ss1,-0.315203058054277
ss2,7.549050264114305
ss3,-0.34731438295890066
ss4,-3.262817700277579
