subscapLine,lineOfAction
ss1,186.15763021984682
ss2,195.14948237340164
ss3,156.88827368905845
ss4,226.15487020670847
