subscapLine,momentArm
ss1,15.687384745431983
ss2,18.76278309898416
ss3,5.754218168817533
ss4,26.82057338570216
