subscapLine,stabilityRatio
ss1,-0.10788886086522739
ss2,-0.2708854065970795
ss3,0.4268028493188024
ss4,-1.040996968664832
