subscapLine,lineOfAction
ss1,190.0126890483221
ss2,175.16690125625644
ss3,179.85185927559925
ss4,176.13344228590637
