subscapLine,lineOfAction
ss1,190.01268904832222
ss2,175.16690125625624
ss3,179.85185927559922
ss4,176.13344228590637
