subscapLine,momentArm
ss1,26.677112721675435
ss2,34.211699983682294
ss3,23.76422044561934
ss4,21.398194818538357
