subscapLine,momentArm
ss1,26.548426815529226
ss2,34.046668495487154
ss3,23.64958584202443
ss4,21.294973524733162
