subscapLine,stabilityRatio
ss1,-0.17655534093633526
ss2,0.08455412995393867
ss3,0.0025855491585498485
ss4,0.06758679327342672
