subscapLine,stabilityRatio
ss1,-0.17655534093633943
ss2,0.08455412995394394
ss3,0.002585549158549411
ss4,0.06758679327340307
