subscapLine,lineOfAction
ss1,165.0035869339257
ss2,117.62380871015965
ss3,116.60141922707287
ss4,140.62588746843977
