subscapLine,momentArm
ss1,15.40752497761088
ss2,20.352403340425997
ss3,14.622749980658297
ss4,1.6684447855767248
