subscapLine,stabilityRatio
ss1,-0.26790743357496616
ss2,-1.9109838892452653
ss3,-1.9968271775876338
ss4,-0.8205980746499943
