subscapLine,lineOfAction
ss1,174.76580725609244
ss2,172.2492371610475
ss3,167.32202226017893
ss4,162.3977684863985
