subscapLine,momentArm
ss1,20.743419574635126
ss2,22.244597227027313
ss3,24.27708909279914
ss4,24.29699722708921
