subscapLine,stabilityRatio
ss1,0.09160888065559006
ss2,0.13610758775540302
ss3,0.22495588646598233
ss4,0.31726155254855753
