subscapLine,lineOfAction
ss1,200.51233790025424
ss2,182.48406613133074
ss3,180.47933487974825
ss4,168.1673291122162
