subscapLine,momentArm
ss1,2.454793023186618
ss2,3.954100501669902
ss3,-18.73757295968312
ss4,-14.413598179957125
