subscapLine,stabilityRatio
ss1,0.37413013813666485
ss2,0.043382317680571186
ss3,0.008366167053405161
ss4,-0.20950605617533924
