subscapLine,lineOfAction
ss1,184.5518780810018
ss2,193.51342600437812
ss3,200.36711569174258
ss4,202.02087028382812
