subscapLine,momentArm
ss1,23.203713135165525
ss2,30.104078909573996
ss3,32.666353475009885
ss4,29.144157305630923
