subscapLine,stabilityRatio
ss1,-0.07960884195619951
ss2,-0.24032497597327734
ss3,-0.37123415013279126
ss4,-0.4044581782761471
