subscapLine,lineOfAction
ss1,186.91017228311696
ss2,178.84109558429844
ss3,168.1477812312529
ss4,154.13077480224015
