subscapLine,momentArm
ss1,6.484242704884157
ss2,-1.3177523132962627
ss3,-9.73471961602257
ss4,-7.392659362301667
