subscapLine,stabilityRatio
ss1,0.12121136846978076
ss2,-0.02021488825862382
ss3,-0.20985055697703123
ss4,-0.48489449610541147
