subscapLine,lineOfAction
ss1,187.97068950280888
ss2,204.37956650293796
ss3,153.06254812790422
ss4,154.1343554637621
