subscapLine,momentArm
ss1,6.59758165073257
ss2,4.0609822249599725
ss3,24.315603475253713
ss4,20.903805931137004
