subscapLine,stabilityRatio
ss1,-0.14002395730204104
ss2,-0.45312365809623784
ss3,0.5086460626812138
ss4,0.48504075761055476
