subscapLine,lineOfAction
ss1,200.42337339235044
ss2,203.12365499304053
ss3,217.73756719460772
ss4,193.48024030301914
