subscapLine,momentArm
ss1,27.113367060741325
ss2,25.212734630463395
ss3,22.70467557925707
ss4,17.735919764301734
