subscapLine,stabilityRatio
ss1,-0.37241095232325855
ss2,-0.42722844263518533
ss3,-0.7739351169901115
ss4,-0.23976970999337543
