subscapLine,lineOfAction
ss1,172.69059196132272
ss2,191.10100309332867
ss3,171.33743438152572
ss4,167.3240039802127
