subscapLine,momentArm
ss1,6.033648510179406
ss2,18.766770931512568
ss3,8.80289872080386
ss4,6.810351250983911
