subscapLine,stabilityRatio
ss1,0.12826982450987137
ss2,-0.19628151094655677
ss3,0.152257426990793
ss4,0.22494088891793354
