subscapLine,lineOfAction
ss1,202.0813973969283
ss2,217.21994192908107
ss3,186.90626888032767
ss4,178.80571919441186
