subscapLine,momentArm
ss1,1.3625264262637895
ss2,-1.7902951977091375
ss3,11.119778327176116
ss4,15.15154131938083
