subscapLine,stabilityRatio
ss1,-0.4057689815944443
ss2,-0.7589787628535489
ss3,-0.12109119365564007
ss4,0.020954592646038262
