subscapLine,lineOfAction
ss1,192.65155616615377
ss2,188.46040948116655
ss3,196.85950355596367
ss4,192.84437766257543
