subscapLine,momentArm
ss1,13.548595383520205
ss2,5.743477140959635
ss3,8.46233618073623
ss4,3.005930970543768
