subscapLine,stabilityRatio
ss1,-0.22479350232313808
ss2,-0.14898116962569408
ss3,-0.3031582222752574
ss4,-0.22802789516052618
