subscapLine,lineOfAction
ss1,164.48080677781613
ss2,168.01078731504748
ss3,157.03741603705447
ss4,156.19577086417013
