subscapLine,momentArm
ss1,22.154950187916448
ss2,18.690558826134648
ss3,23.619224826481346
ss4,18.93289808911997
