subscapLine,stabilityRatio
ss1,0.2776784841893207
ss2,0.21233794866492312
ss3,0.4236930407460977
ss4,0.44141630583894204
