subscapLine,lineOfAction
ss1,163.11254287268045
ss2,143.3322110323291
ss3,123.31394291285392
ss4,124.30504900878339
