subscapLine,momentArm
ss1,22.459329621415375
ss2,24.268967800315856
ss3,18.558764057115596
ss4,0.8798693208818474
