subscapLine,stabilityRatio
ss1,-0.303583962151009
ss2,-0.7444057570015111
ss3,-1.5215531105229037
ss4,-1.4657983431790034
