subscapLine,lineOfAction
ss1,162.8384740995431
ss2,166.84344779962063
ss3,166.09446687806235
ss4,163.83682948254358
