subscapLine,momentArm
ss1,26.88074829774165
ss2,21.22348429401905
ss3,15.369507998972841
ss4,14.66407453600372
