subscapLine,stabilityRatio
ss1,0.3088160179793655
ss2,0.2337480009208585
ss3,0.24757746867030223
ss4,0.28982993533037527
