subscapLine,lineOfAction
ss1,159.59500794536766
ss2,164.45135241620576
ss3,159.77579874357164
ss4,156.8558377434376
