subscapLine,momentArm
ss1,22.57794973808284
ss2,17.866584859407933
ss3,19.44648507841907
ss4,17.068598302157337
