subscapLine,stabilityRatio
ss1,0.37198422098468104
ss2,0.27823911915222144
ss3,0.368402366306885
ss4,0.42742775236872577
