subscapLine,lineOfAction
ss1,187.71973149305398
ss2,190.25853738452724
ss3,179.56513165229086
ss4,191.3028738087733
