subscapLine,lineOfAction
ss1,187.7197314930539
ss2,190.25853738452716
ss3,179.56513165229094
ss4,191.30287380877309
