subscapLine,momentArm
ss1,24.59802681195212
ss2,23.82848032790458
ss3,21.500281183832513
ss4,23.11038583190743
