subscapLine,momentArm
ss1,24.890590058135636
ss2,24.111890766052586
ss3,21.7560005594185
ss4,23.385255420075016
