subscapLine,stabilityRatio
ss1,-0.13555599593165013
ss2,-0.1809833394502682
ss3,0.007590030225468559
ss4,-0.19987187832884165
