subscapLine,stabilityRatio
ss1,-0.13555599593162895
ss2,-0.18098333945029146
ss3,0.007590030225472165
ss4,-0.19987187832888179
