subscapLine,lineOfAction
ss1,191.2866182700989
ss2,183.01326364202603
ss3,167.37565705321597
ss4,156.8214851800516
