subscapLine,momentArm
ss1,-2.1395706084695965
ss2,-13.084655782899613
ss3,-14.813297169762025
ss4,-15.445940169589818
