subscapLine,stabilityRatio
ss1,0.19964665731597633
ss2,0.05265573566630352
ss3,-0.2239138201771766
ss4,-0.42789534279178565
