subscapLine,lineOfAction
ss1,199.90188705698844
ss2,190.9752495664497
ss3,172.2014046483518
ss4,166.07076173468448
