subscapLine,momentArm
ss1,-12.064534366284356
ss2,-19.927332948508585
ss3,-13.33510803601173
ss4,-16.34990406842787
