subscapLine,stabilityRatio
ss1,0.3620872706719788
ss2,0.19401551486621596
ss3,-0.13689016878759194
ss4,-0.24786911564437386
