subscapLine,lineOfAction
ss1,168.83397462260754
ss2,156.643223784671
ss3,166.49790575016243
ss4,191.12723076073743
