subscapLine,momentArm
ss1,16.457126563532775
ss2,10.712702243207389
ss3,19.403616315743314
ss4,27.73843473795468
