subscapLine,stabilityRatio
ss1,0.19738829239818553
ss2,0.4318395101019318
ss3,0.24011689236811154
ss4,-0.1966859038949808
