subscapLine,lineOfAction
ss1,181.20456758214823
ss2,169.95158394466108
ss3,145.64340938808394
ss4,108.04179700214634
