subscapLine,momentArm
ss1,7.90548881505791
ss2,13.439785097191264
ss3,23.14279301911228
ss4,13.376222407082231
