subscapLine,stabilityRatio
ss1,0.02108994885633564
ss2,-0.1771181126399764
ss3,-0.6825848855643738
ss4,-3.0740644603894474
