subscapLine,lineOfAction
ss1,163.35022359806283
ss2,158.02720354388768
ss3,130.81869444759246
ss4,140.52017424557224
