subscapLine,momentArm
ss1,15.632170912135189
ss2,6.073067932215048
ss3,7.463686907338438
ss4,-0.8518602516779076
