subscapLine,stabilityRatio
ss1,-0.299328426645866
ss2,-0.4035939742374295
ss3,-1.157723423661622
ss4,-0.8236376908593608
