subscapLine,lineOfAction
ss1,184.6711192134861
ss2,174.58192153213218
ss3,163.6474293786274
ss4,151.28572647384883
