subscapLine,momentArm
ss1,5.984937910339497
ss2,-0.06310638808176045
ss3,-8.633764802866265
ss4,-7.412112947873525
