subscapLine,stabilityRatio
ss1,0.08172753515601984
ss2,-0.09478870639691361
ss3,-0.2934086103233768
ss4,-0.5478061585460778
