subscapLine,lineOfAction
ss1,215.96082841689096
ss2,217.83390331261515
ss3,204.35161917474525
ss4,200.23826276392052
