subscapLine,momentArm
ss1,31.082221361160872
ss2,32.76993526155595
ss3,29.352412842852644
ss4,25.6503915292319
