subscapLine,stabilityRatio
ss1,-0.7255153502729105
ss2,-0.7766302019579105
ss3,-0.45262345686255584
ss4,-0.36869215753238815
