subscapLine,lineOfAction
ss1,213.4766802261946
ss2,222.28522382028112
ss3,197.45583285215852
ss4,181.2843391020595
