subscapLine,momentArm
ss1,36.47900487768056
ss2,42.41076581709063
ss3,30.58110443070765
ss4,4.244661783840913
