subscapLine,stabilityRatio
ss1,-0.6611896455987857
ss2,-0.909142628411547
ss3,-0.31444453179810355
ss4,-0.022386873065175304
