subscapLine,lineOfAction
ss1,166.3789247628251
ss2,164.14794032416862
ss3,160.67642755433758
ss4,166.1964342218916
