subscapLine,momentArm
ss1,24.105789041385847
ss2,24.480969204344277
ss3,25.08116645532358
ss4,21.228841912029704
