subscapLine,stabilityRatio
ss1,0.24231225731142805
ss2,0.283950885504993
ss3,0.3506566176628874
ss4,0.24568192973929048
