subscapLine,lineOfAction
ss1,200.34323509669326
ss2,196.5955480636996
ss3,197.39501691802764
ss4,190.3922831469121
