subscapLine,momentArm
ss1,37.958081476471094
ss2,35.61575495919926
ss3,30.546590542024266
ss4,14.074332422666412
