subscapLine,stabilityRatio
ss1,-0.3707637271366634
ss2,-0.2980275238729977
ss3,-0.3132923799725693
ss4,-0.18338950784017752
