subscapLine,lineOfAction
ss1,203.50065095871537
ss2,203.46003543754824
ss3,201.98083879634692
ss4,204.72600243905833
