subscapLine,momentArm
ss1,27.75202768192175
ss2,22.811394737106284
ss3,16.231805672021512
ss4,17.129752089014403
