subscapLine,stabilityRatio
ss1,-0.4348420162854937
ss2,-0.4340392448099642
ss3,-0.40364376584971773
ss4,-0.4605001354718821
