subscapLine,lineOfAction
ss1,179.5079065318801
ss2,141.87063160930242
ss3,136.1585268660109
ss4,135.67629443890382
