subscapLine,momentArm
ss1,6.078902766559805
ss2,-2.6010817025542132
ss3,-2.158227375345574
ss4,-6.305958988827464
