subscapLine,stabilityRatio
ss1,-0.00818839356767171
ss2,-0.7849394816229226
ss3,-0.9603598224411887
ss4,-0.9767001464437904
