subscapLine,lineOfAction
ss1,164.58250209414194
ss2,170.36357265400312
ss3,178.13793821653564
ss4,205.94093983421158
