subscapLine,momentArm
ss1,18.19585700255349
ss2,20.402102288663233
ss3,23.793493134125224
ss4,21.659202372552077
