subscapLine,stabilityRatio
ss1,0.2757744851081023
ss2,0.16979137525210697
ss3,0.03251055560018194
ss4,-0.4864572264225112
