subscapLine,lineOfAction
ss1,191.09238813779876
ss2,178.90009180093335
ss3,165.46319351443188
ss4,152.36547328004497
