subscapLine,momentArm
ss1,-3.1538490887707717
ss2,-11.16031340673395
ss3,-14.751201244295354
ss4,-14.016798424755383
