subscapLine,stabilityRatio
ss1,0.19604879078541818
ss2,-0.01919983672319622
ss3,-0.2593030613200765
ss4,-0.5235555759343613
