subscapLine,lineOfAction
ss1,171.7926702285163
ss2,165.60085827916507
ss3,182.19237390687857
ss4,157.7160629278546
