subscapLine,momentArm
ss1,24.94307935301706
ss2,28.077171857166224
ss3,16.30384723155335
ss4,24.766074258863895
