subscapLine,stabilityRatio
ss1,0.14422107361161476
ss2,0.2567339200978542
ss3,-0.038301870490677264
ss4,0.4098411962496811
