subscapLine,lineOfAction
ss1,174.78677134039134
ss2,170.81663213204112
ss3,167.81070205965653
ss4,168.28526032366096
