subscapLine,momentArm
ss1,21.896565087420196
ss2,24.5449736825605
ss3,20.76585103467281
ss4,19.755807336514717
