subscapLine,stabilityRatio
ss1,0.091239930073724
ss2,0.1616667717246321
ss3,0.2160121432014049
ss4,0.2073583473600051
