subscapLine,lineOfAction
ss1,144.71883159538015
ss2,180.92172523976913
ss3,173.26645724778518
ss4,237.40596867257284
