subscapLine,lineOfAction
ss1,144.71883159538027
ss2,180.92172523976942
ss3,173.26645724778538
ss4,237.40596867257295
