subscapLine,momentArm
ss1,-9.462914652141437
ss2,8.858329197429288
ss3,6.813736741167634
ss4,23.35593130776701
