subscapLine,momentArm
ss1,-9.36607080103116
ss2,8.767672698304304
ss3,6.744004683897391
ss4,23.116905762545656
