subscapLine,stabilityRatio
ss1,0.7075461380906733
ss2,-0.016088528140333826
ss3,0.11806655264806193
ss4,-1.5640153568714796
