subscapLine,stabilityRatio
ss1,0.7075461380951807
ss2,-0.016088528138915918
ss3,0.11806655264806801
ss4,-1.564015356867991
