subscapLine,lineOfAction
ss1,181.3037907957331
ss2,187.9607712530786
ss3,215.12458807139882
ss4,223.90657455746762
