subscapLine,momentArm
ss1,24.51522922049046
ss2,24.1779752129324
ss3,26.18933257364596
ss4,23.939573010234948
