subscapLine,stabilityRatio
ss1,-0.022754723714241306
ss2,-0.1397803950344155
ss3,-0.7034556152145707
ss4,-0.9625538135256648
