subscapLine,lineOfAction
ss1,185.79810441333723
ss2,171.2342479182537
ss3,180.00357269972258
ss4,175.61940054469997
