subscapLine,momentArm
ss1,28.815556252521247
ss2,35.22546572502955
ss3,23.334107121482607
ss4,21.303863095020855
