subscapLine,stabilityRatio
ss1,-0.10154287034652766
ss2,0.15419617158554713
ss3,-6.235537342389114e-05
ss4,0.0766052072083936
