subscapLine,lineOfAction
ss1,191.15258939044037
ss2,196.01391549465671
ss3,210.75169690476446
ss4,182.98957667164433
