subscapLine,momentArm
ss1,22.875182090390318
ss2,22.791277177787236
ss3,21.194230380443233
ss4,14.867964803664865
