subscapLine,stabilityRatio
ss1,-0.1971461916568158
ss2,-0.28701714739951883
ss3,-0.5949775668710853
ss4,-0.052224648540822816
