subscapLine,lineOfAction
ss1,158.9282926552826
ss2,158.0153421881382
ss3,146.18075983158909
ss4,116.93843308827368
