subscapLine,momentArm
ss1,17.33409661703249
ss2,13.864349767603688
ss3,17.81154150857868
ss4,-7.512071018440142
