subscapLine,stabilityRatio
ss1,-0.3840817985505057
ss2,-0.40145917387656194
ss3,-0.6634117154000706
ss4,-1.9621043809178016
