subscapLine,lineOfAction
ss1,141.6359824741289
ss2,150.97497608992668
ss3,140.83762946748837
ss4,131.86545373291398
