subscapLine,lineOfAction
ss1,141.63598247412892
ss2,150.97497608992668
ss3,140.8376294674883
ss4,131.86545373291395
