subscapLine,momentArm
ss1,29.513423535584906
ss2,24.202608638007685
ss3,17.298240334270805
ss4,1.8371977522890273
