subscapLine,momentArm
ss1,29.33659772951365
ss2,24.057601882817668
ss3,17.194600196181312
ss4,1.8261904229268677
