subscapLine,stabilityRatio
ss1,-0.7915728749613695
ss2,-0.5550484084040466
ss3,-0.8144880071401857
ss4,-1.1158708285440053
