subscapLine,stabilityRatio
ss1,-0.7915728703019683
ss2,-0.5550482802495688
ss3,-0.8144880068439343
ss4,-1.1158708285957286
