subscapLine,lineOfAction
ss1,181.95345333735415
ss2,168.62257643237763
ss3,149.45764704397175
ss4,144.74491972827474
