subscapLine,momentArm
ss1,3.4469588432820912
ss2,5.10047713816489
ss3,11.665338437822768
ss4,4.718371806445378
