subscapLine,stabilityRatio
ss1,0.034140598226168654
ss2,-0.20116506539290588
ss3,-0.5900063805413595
ss4,-0.7067961128802
