subscapLine,lineOfAction
ss1,190.20016891474418
ss2,204.50510831726388
ss3,181.1308540158454
ss4,205.33976105220145
