subscapLine,momentArm
ss1,26.30996184177557
ss2,34.62632589893232
ss3,18.931011704991864
ss4,32.16685208248083
