subscapLine,stabilityRatio
ss1,-0.1799422083920234
ss2,-0.4558262290349505
ss3,-0.01975518262311556
ss4,-0.47326256868532224
