subscapLine,lineOfAction
ss1,183.4014364671837
ss2,169.40595591898398
ss3,143.95074768320157
ss4,159.3435113173216
