subscapLine,momentArm
ss1,22.026843906987928
ss2,26.062513074434488
ss3,21.63001558117134
ss4,16.255045356957726
