subscapLine,stabilityRatio
ss1,0.05943610667785231
ss2,-0.18703732423409808
ss3,-0.7278567240983562
ss4,-0.3770009119425039
