subscapLine,lineOfAction
ss1,171.66571594066215
ss2,164.35553710921613
ss3,162.56662405378782
ss4,149.73833262479727
