subscapLine,momentArm
ss1,15.96235223461607
ss2,7.905347044440512
ss3,-12.350953573478158
ss4,-8.741739101892298
