subscapLine,stabilityRatio
ss1,-0.1465565957199317
ss2,-0.28004543327412845
ss3,-0.31405415698036304
ss4,-0.5834716699582428
