subscapLine,lineOfAction
ss1,175.30122049900098
ss2,172.6057993784267
ss3,162.30141404327662
ss4,166.23589892775655
