subscapLine,momentArm
ss1,18.487072160246814
ss2,20.403838557777924
ss3,24.726289922751334
ss4,21.919300880576532
