subscapLine,stabilityRatio
ss1,0.08219352008435286
ss2,0.12977439946001457
ss3,0.3191135162342983
ss4,0.24495930550038622
