subscapLine,lineOfAction
ss1,215.38232156964781
ss2,198.99544974515442
ss3,193.20616927676798
ss4,188.89438534099756
