subscapLine,momentArm
ss1,28.496835075970473
ss2,21.583539731949188
ss3,20.352501383727766
ss4,16.13743831186223
