subscapLine,stabilityRatio
ss1,-0.7100945745984469
ss2,-0.34403897986069104
ss3,-0.2347054890712292
ss4,-0.1564964020841598
