subscapLine,lineOfAction
ss1,180.34336006807018
ss2,167.6083818487379
ss3,154.70813079125318
ss4,149.24959304375707
