subscapLine,momentArm
ss1,6.054578220936594
ss2,10.182177795133967
ss3,13.25724614966783
ss4,8.310628648600737
