subscapLine,momentArm
ss1,6.212922753876946
ss2,10.448470859399043
ss3,13.603961044255376
ss4,8.527975351175785
