subscapLine,stabilityRatio
ss1,0.0059928354485379665
ss2,-0.21969819797648135
ss3,-0.47251165787064264
ss4,-0.5949126001917918
