subscapLine,stabilityRatio
ss1,0.005992835448537966
ss2,-0.2196982029539104
ss3,-0.4725116651070597
ss4,-0.5949126061334736
