subscapLine,lineOfAction
ss1,161.06031516154897
ss2,158.22540960280494
ss3,158.32052019781167
ss4,153.36715364908238
