subscapLine,momentArm
ss1,21.026515557207166
ss2,16.908935817023586
ss3,5.018358288350621
ss4,-0.6127259227215188
