subscapLine,stabilityRatio
ss1,-0.3430994373196627
ss2,-0.39949079794217013
ss3,-0.39756912225643953
ss4,-0.501480348027732
