subscapLine,lineOfAction
ss1,169.79007379477355
ss2,189.9844298118939
ss3,244.1743405583714
ss4,212.2168732591363
