subscapLine,lineOfAction
ss1,169.7900737947735
ss2,189.98442981189388
ss3,244.17434055837128
ss4,212.21687325913615
