subscapLine,momentArm
ss1,18.088897273584685
ss2,25.778502686784524
ss3,15.944361799066995
ss4,16.753890863889488
