subscapLine,momentArm
ss1,18.046776834365854
ss2,25.71847681350163
ss3,15.907234963092147
ss4,16.714879019710196
