subscapLine,stabilityRatio
ss1,0.18010714803013758
ss2,-0.17604729256196613
ss3,-2.0662561680477864
ss4,-0.6301574374114892
