subscapLine,stabilityRatio
ss1,0.18010714800494101
ss2,-0.17604729268092895
ss3,-2.066256169256428
ss4,-0.6301574383053359
