subscapLine,lineOfAction
ss1,165.44359845764282
ss2,146.85638340060888
ss3,138.91961608998216
ss4,149.129003235741
