subscapLine,momentArm
ss1,14.983809236366264
ss2,21.689865858025545
ss3,15.69443440763886
ss4,-16.453057041741406
