subscapLine,stabilityRatio
ss1,-0.2598785520551462
ss2,-0.6536571147228802
ss3,-0.8713951102546315
ss4,-0.5977409258025862
