subscapLine,lineOfAction
ss1,197.6872603
ss2,186.1749476
ss3,170.4274246
ss4,158.5772242
