subscapLine,lineOfAction
ss1,197.68726031543002
ss2,186.17494755581527
ss3,170.42742462901168
ss4,158.5772241660335
