subscapLine,momentArm
ss1,-11.777589478371764
ss2,-14.470971829202764
ss3,-10.164606078220315
ss4,-10.100623216624816
