subscapLine,stabilityRatio
ss1,0.318896188571035
ss2,0.10851270713935733
ss3,-0.1686172143149
ss4,-0.3920131363390488
