subscapLine,lineOfAction
ss1,142.65289311030247
ss2,140.2454290045168
ss3,120.08968994002987
ss4,115.89666019050996
