subscapLine,lineOfAction
ss1,142.6528931103025
ss2,140.2454290045168
ss3,120.08968994002984
ss4,115.89666019051009
