subscapLine,momentArm
ss1,25.333044975059355
ss2,24.012059026540914
ss3,13.18113599657974
ss4,6.653591403158011
