subscapLine,momentArm
ss1,23.87324885017954
ss2,22.62838364318926
ss3,12.421583748981183
ss4,6.2701836068814325
