subscapLine,stabilityRatio
ss1,-0.7631033736400136
ss2,-0.8319350140206296
ss3,-1.725804891047918
ss4,-2.059710144933833
