subscapLine,stabilityRatio
ss1,-0.7631033659604317
ss2,-0.831934904994517
ss3,-1.7258048911362014
ss4,-2.059710145626895
