subscapLine,lineOfAction
ss1,206.6163537145637
ss2,190.1639226118822
ss3,179.63847072664154
ss4,173.69829902871564
