subscapLine,momentArm
ss1,-8.761795141582763
ss2,-1.8397577126738545
ss3,-7.533276639231611
ss4,-14.59100209458159
