subscapLine,stabilityRatio
ss1,0.5014462102810174
ss2,0.17937572346356256
ss3,-0.006263790823084653
ss4,-0.11034911881766091
