subscapLine,lineOfAction
ss1,159.73323395670056
ss2,163.84036193103438
ss3,149.00843642187994
ss4,146.82203508169468
