subscapLine,momentArm
ss1,30.759884242519426
ss2,25.7778074762086
ss3,21.187583893302445
ss4,-1.691061546384792
