subscapLine,stabilityRatio
ss1,-0.36895056218174593
ss2,-0.2896896211441725
ss3,-0.6006115135215482
ss4,-0.6538495765135688
