subscapLine,lineOfAction
ss1,171.1730379906413
ss2,165.22898534301856
ss3,173.7644281563129
ss4,155.87258434230665
