subscapLine,momentArm
ss1,20.586171230677206
ss2,23.994890585542297
ss3,16.680015983102617
ss4,25.109693441049686
