subscapLine,stabilityRatio
ss1,0.15528955639776781
ss2,0.26366570889262164
ss3,0.10923545963482469
ss4,0.4478963156938842
