subscapLine,lineOfAction
ss1,142.50490142769598
ss2,157.28047199680597
ss3,145.1504031459966
ss4,152.04501404266725
