subscapLine,momentArm
ss1,26.91921806882892
ss2,17.62618497082454
ss3,-2.357886694197007
ss4,-7.085007414772441
