subscapLine,stabilityRatio
ss1,-0.7675527691597467
ss2,-0.41874634152124657
ss3,-0.6963223456997668
ss4,-0.5307028551017379
