subscapLine,lineOfAction
ss1,212.5555581187737
ss2,219.85027987943445
ss3,197.4766566232657
ss4,179.49104068360006
