subscapLine,momentArm
ss1,36.05631967916564
ss2,41.568477391001935
ss3,30.97661192577925
ss4,2.9907362033795697
