subscapLine,stabilityRatio
ss1,-0.6383770259172308
ss2,-0.8344982720381837
ss3,-0.3148102855113884
ss4,0.008898139429616848
