subscapLine,lineOfAction
ss1,166.23869120612656
ss2,146.47743142579952
ss3,150.48317614893864
ss4,139.37261333741333
