subscapLine,momentArm
ss1,24.1772828204798
ss2,22.711545586678604
ss3,14.461474304695379
ss4,-6.705177886451252
