subscapLine,stabilityRatio
ss1,-0.24468241167058588
ss2,-0.6630952749113722
ss3,-0.5663023011002949
ss4,-0.8579343331281364
