subscapLine,lineOfAction
ss1,194.2624925089833
ss2,184.25719008577744
ss3,170.95760695432904
ss4,157.998476021967
