subscapLine,momentArm
ss1,1.8456886204977763
ss2,0.8668524014589393
ss3,-8.32810056255896
ss4,-8.049336961326176
