subscapLine,stabilityRatio
ss1,0.2542165065737227
ss2,0.07445645743082858
ss3,-0.15913697346673977
ss4,-0.4040540404253227
