subscapLine,lineOfAction
ss1,174.89020924853583
ss2,192.04097072315602
ss3,190.4675951616115
ss4,216.46667830249294
