subscapLine,momentArm
ss1,12.364568229232574
ss2,21.699292322921853
ss3,19.389058508312228
ss4,29.926640960667445
