subscapLine,stabilityRatio
ss1,0.08938024995144168
ss2,-0.21330556711948886
ss3,-0.18475673103474427
ss4,-0.7390575547293621
