subscapLine,lineOfAction
ss1,169.7361985271447
ss2,175.03375156331361
ss3,170.41032832490515
ss4,188.48727930614132
