subscapLine,momentArm
ss1,15.590934903537963
ss2,17.856148444800606
ss3,18.76823030617994
ss4,21.34879158508969
