subscapLine,stabilityRatio
ss1,0.18107604400402033
ss2,0.08689576812495012
ss3,0.16895193623483992
ss4,-0.14922375929901258
