subscapLine,lineOfAction
ss1,198.46545012402842
ss2,193.66722488845448
ss3,168.5290247931717
ss4,157.9802058500095
