subscapLine,momentArm
ss1,-1.6525058860580146
ss2,-11.047845806181744
ss3,-3.3635378582416045
ss4,-8.399966272899
