subscapLine,stabilityRatio
ss1,0.33403248252087747
ss2,0.2432217672432378
ss3,-0.2027195293997696
ss4,-0.40441689263170455
