subscapLine,lineOfAction
ss1,163.35996821481177
ss2,121.33326316304061
ss3,123.35930910709277
ss4,137.9614922475342
