subscapLine,momentArm
ss1,15.980542831582701
ss2,21.410740491787024
ss3,15.141127601198033
ss4,4.86858471948568
