subscapLine,stabilityRatio
ss1,-0.298934493960332
ss2,-1.6426360947498886
ss3,-1.5189223373577851
ss4,-0.9016946539083296
