subscapLine,lineOfAction
ss1,191.3956764889205
ss2,192.52351991997182
ss3,188.57558026205484
ss4,191.0996810089325
