subscapLine,lineOfAction
ss1,191.39567648892051
ss2,192.523519919972
ss3,188.57558026205461
ss4,191.09968100893255
