subscapLine,lineOfAction
ss1,191.3956765
ss2,192.5235199
ss3,188.5755803
ss4,191.099681
