subscapLine,momentArm
ss1,25.02921270745517
ss2,22.022955129139014
ss3,6.052605712871854
ss4,5.237595034478582
