subscapLine,momentArm
ss1,24.996140007909425
ss2,21.99385479000282
ss3,6.044608017836574
ss4,5.230674265178274
