subscapLine,stabilityRatio
ss1,-0.20155088498593374
ss2,-0.22212363439706606
ss3,-0.15078998141241043
ss4,-0.1961862322251099
