subscapLine,stabilityRatio
ss1,-0.2015508832700919
ss2,-0.2221236338403106
ss3,-0.15078997688771847
ss4,-0.19618623206995955
