subscapLine,lineOfAction
ss1,223.91287228431506
ss2,223.91287228431506
ss3,208.31731253968135
ss4,199.53755555142658
