subscapLine,momentArm
ss1,32.92365418106801
ss2,32.92365418106801
ss3,30.372440984660624
ss4,18.992238697979946
