subscapLine,stabilityRatio
ss1,-0.9628118656884751
ss2,-0.9628118656884751
ss3,-0.5389357659390066
ss4,-0.3548775919625065
