subscapLine,lineOfAction
ss1,172.31425690969934
ss2,165.14899056742385
ss3,163.95106358796122
ss4,160.4765910581194
