subscapLine,momentArm
ss1,24.540922047519715
ss2,27.71120125420381
ss3,26.95566115185834
ss4,24.881983770346032
