subscapLine,stabilityRatio
ss1,0.13494006117681065
ss2,0.26516145448027123
ss3,0.28766684975574125
ss4,0.3546363363079054
