subscapLine,lineOfAction
ss1,169.74719074304687
ss2,172.61356659494015
ss3,160.5470835045867
ss4,165.20937201922973
