subscapLine,momentArm
ss1,23.058839072501335
ss2,20.096937226462096
ss3,25.15157286510237
ss4,15.129342455763366
