subscapLine,stabilityRatio
ss1,0.18087880743926568
ss2,0.12963592190273038
ss3,0.35318714858131145
ss4,0.2640569430298959
