subscapLine,lineOfAction
ss1,167.9041086744417
ss2,172.62113212774474
ss3,122.75403998975577
ss4,142.57323288990813
