subscapLine,momentArm
ss1,18.086822605447875
ss2,12.120791482183359
ss3,9.651722287867674
ss4,-3.2122612566363546
