subscapLine,stabilityRatio
ss1,-0.214306419762269
ss2,-0.12950229506988625
ss3,-1.5544332141605652
ss4,-0.7652982557151452
