subscapLine,lineOfAction
ss1,182.66810974691913
ss2,192.50193855280656
ss3,202.4372853234033
ss4,210.1005701551622
