subscapLine,momentArm
ss1,25.236073625246117
ss2,26.6717096358046
ss3,28.000421637319953
ss4,27.128101303122612
