subscapLine,stabilityRatio
ss1,-0.04657319148169211
ss2,-0.22172214073387275
ss3,-0.4129399853546218
ss4,-0.5796961641329312
