subscapLine,lineOfAction
ss1,183.60548997730353
ss2,171.65475271497291
ss3,155.22097045590573
ss4,150.2631495550889
