subscapLine,momentArm
ss1,2.206447895446687
ss2,3.528653726987336
ss3,7.9585602463150575
ss4,0.024410828626941432
