subscapLine,stabilityRatio
ss1,0.063016078837816
ss2,-0.14668328062267308
ss3,-0.46153342251548496
ss4,-0.5711843571487286
