subscapLine,lineOfAction
ss1,189.11952181104863
ss2,198.0823079746309
ss3,196.22505715587943
ss4,193.93747093328938
