subscapLine,lineOfAction
ss1,189.11952181104863
ss2,198.0823079746311
ss3,196.22505715587945
ss4,193.93747093328932
