subscapLine,lineOfAction
ss1,191.82826328857328
ss2,200.78866939093592
ss3,198.9334643550276
ss4,196.64588339070772
