subscapLine,momentArm
ss1,30.837871941574967
ss2,36.02421827346206
ss3,26.79618886855698
ss4,22.11506358248656
