subscapLine,momentArm
ss1,30.837871941574953
ss2,36.024218273462076
ss3,26.79618886855698
ss4,22.115063582486574
