subscapLine,momentArm
ss1,27.87852071029306
ss2,32.567160182504395
ss3,24.22469707845985
ss4,19.992795198769848
