subscapLine,momentArm
ss1,29.870416647979887
ss2,34.894055312401946
ss3,25.955530511256075
ss4,21.42126294113216
