subscapLine,stabilityRatio
ss1,-0.1605235291667912
ss2,-0.32649345017819903
ss3,-0.2909995534159874
ss4,-0.24816797049827521
