subscapLine,stabilityRatio
ss1,-0.16052352916678847
ss2,-0.3264934631418774
ss3,-0.2909995550666249
ss4,-0.2481679706585148
