subscapLine,lineOfAction
ss1,165.88314061346824
ss2,152.634911325546
ss3,149.51041492158572
ss4,140.34113674521643
