subscapLine,momentArm
ss1,18.605813898672235
ss2,18.836287350588876
ss3,9.70844081145017
ss4,4.4058607837519
