subscapLine,stabilityRatio
ss1,-0.25148592450407325
ss2,-0.5175834425348654
ss3,-0.5888003100061526
ss4,-0.8290058718188439
