subscapLine,lineOfAction
ss1,166.66278911283683
ss2,165.55769464624314
ss3,162.47451780539285
ss4,160.90609429729523
