subscapLine,momentArm
ss1,23.588444302543177
ss2,22.539232390992893
ss3,22.262699294756008
ss4,22.066107448970648
