subscapLine,stabilityRatio
ss1,0.23705804244202128
ss2,0.2575341585342973
ss3,0.3157321543719365
ss4,0.346155435019639
