subscapLine,lineOfAction
ss1,185.5751224096897
ss2,190.2152333875413
ss3,173.43805611660432
ss4,154.83841237694924
