subscapLine,momentArm
ss1,21.055949439764895
ss2,17.123486368091925
ss3,21.215959210167007
ss4,13.76249199785364
