subscapLine,stabilityRatio
ss1,0.09764704473804085
ss2,0.18151648618179597
ss3,-0.11456341783203616
ss4,-0.47047776173171546
