subscapLine,lineOfAction
ss1,177.46840839599824
ss2,175.14503196648505
ss3,163.60109476472851
ss4,156.67843570455557
