subscapLine,momentArm
ss1,24.40497917772312
ss2,25.57361358403685
ss3,25.84026994368624
ss4,25.316557121326397
