subscapLine,stabilityRatio
ss1,0.044213384848379764
ss2,0.0849385623539661
ss3,0.2942956772685382
ss4,0.4311156780393014
