subscapLine,lineOfAction
ss1,173.14811417195116
ss2,150.37078531939426
ss3,133.55426315697616
ss4,148.6763454710912
