subscapLine,lineOfAction
ss1,173.14811417195108
ss2,150.37078531939434
ss3,133.55426315697613
ss4,148.67634547109114
