subscapLine,momentArm
ss1,20.409493654059183
ss2,25.3317543683071
ss3,20.79954039082349
ss4,0.45912613122850976
