subscapLine,momentArm
ss1,20.620662937113796
ss2,25.593852414399933
ss3,21.014745339395244
ss4,0.4638765350163939
