subscapLine,stabilityRatio
ss1,-0.12016133493210315
ss2,-0.5687537021652405
ss3,-1.0517833695693637
ss4,-0.6085753497838376
