subscapLine,stabilityRatio
ss1,-0.12016133493206511
ss2,-0.5687537021651679
ss3,-1.0517833695694552
ss4,-0.6085753497627416
