subscapLine,lineOfAction
ss1,166.28327532116774
ss2,164.0933462561573
ss3,166.57284205874254
ss4,164.0548706782488
