subscapLine,momentArm
ss1,15.93684650752678
ss2,13.598097497609993
ss3,7.79972407508812
ss4,8.084548740197981
