subscapLine,stabilityRatio
ss1,-0.24406708876407943
ss2,-0.28498087075680933
ss3,-0.2387271346154844
ss4,-0.28570108311871395
