subscapLine,lineOfAction
ss1,171.61274670345114
ss2,172.1988602694998
ss3,169.36713609816104
ss4,171.54646053304342
