subscapLine,momentArm
ss1,24.997393061482562
ss2,22.61269267163719
ss3,17.03749985435487
ss4,13.762958277290501
