subscapLine,stabilityRatio
ss1,0.14743983699632404
ss2,0.13700322600488382
ss3,0.1877386490389217
ss4,0.14862261360024476
