subscapLine,lineOfAction
ss1,189.7516324478283
ss2,181.72175533796525
ss3,169.67206801309223
ss4,155.71002002120775
