subscapLine,lineOfAction
ss1,189.7516324
ss2,181.7217553
ss3,169.672068
ss4,155.71002
