subscapLine,momentArm
ss1,8.369035573729724
ss2,-2.2626533095043007
ss3,-9.449061088501757
ss4,-6.936366150964097
