subscapLine,stabilityRatio
ss1,0.17185911587912667
ss2,0.0300465483094618
ss3,-0.18223879753294245
ss4,-0.45130834581721685
