subscapLine,lineOfAction
ss1,172.92808578318363
ss2,185.3242836669975
ss3,162.98241373683132
ss4,157.88814061191354
