subscapLine,momentArm
ss1,15.5169797738438
ss2,-0.47640681198787427
ss3,0.5647526764169875
ss4,-7.403177107455996
