subscapLine,stabilityRatio
ss1,-0.12405836766548393
ss2,0.09319435880042536
ss3,-0.30606614590206244
ss4,-0.4062950731993653
