subscapLine,lineOfAction
ss1,177.41379444225532
ss2,168.80025300007307
ss3,168.57396011623803
ss4,168.48731887226845
