subscapLine,lineOfAction
ss1,178.60864380548603
ss2,168.800253000073
ss3,168.57396011623797
ss4,168.60243042802082
