subscapLine,momentArm
ss1,23.333826308279352
ss2,21.529121030112307
ss3,16.65117670734473
ss4,13.261979799583688
