subscapLine,momentArm
ss1,22.558034173713594
ss2,21.63347728698373
ss3,16.731888524202137
ss4,13.063056347819753
