subscapLine,stabilityRatio
ss1,0.02428852116648919
ss2,0.19800074320601763
ss3,0.20210837224038689
ss4,0.20159122615731884
