subscapLine,stabilityRatio
ss1,0.045168482024101925
ss2,0.19800074320601643
ss3,0.20210837224038536
ss4,0.20368279860908825
