subscapLine,lineOfAction
ss1,149.89581317906266
ss2,143.49954888205605
ss3,139.6636940067892
ss4,103.22089969168204
