subscapLine,momentArm
ss1,34.97076334752809
ss2,33.41193022661304
ss3,29.55926153436616
ss4,18.44172806824167
