subscapLine,stabilityRatio
ss1,-0.5797819704318539
ss2,-0.7403229435879608
ss3,-0.8491941792498481
ss4,-4.256506887344863
