subscapLine,lineOfAction
ss1,167.54019828939926
ss2,117.89408888721256
ss3,111.86407826421032
ss4,122.0230132478212
