subscapLine,momentArm
ss1,17.487791461373725
ss2,30.59121931599703
ss3,24.12001178134852
ss4,10.474296563540253
