subscapLine,stabilityRatio
ss1,-0.22084016849845617
ss2,-1.8891059770807395
ss3,-2.491329476092104
ss4,-1.5989911538794568
