subscapLine,lineOfAction
ss1,191.3571073361084
ss2,177.0221466852164
ss3,165.65466590695223
ss4,158.80107688920202
