subscapLine,momentArm
ss1,8.37476477616496
ss2,3.9701594628920382
ss3,-17.401302246803596
ss4,-16.645849106078867
