subscapLine,stabilityRatio
ss1,0.20085643215767188
ss2,-0.052020192898927495
ss3,-0.2557396111395431
ss4,-0.3878528148387633
