subscapLine,lineOfAction
ss1,178.00449529303833
ss2,178.81794558563786
ss3,164.4788731219836
ss4,197.24105766055885
