subscapLine,momentArm
ss1,21.420810822039034
ss2,23.082131412519317
ss3,18.926825294326463
ss4,22.338218941617793
