subscapLine,momentArm
ss1,21.642298984789477
ss2,23.320797395865906
ss3,19.122525998467218
ss4,22.569192974935227
