subscapLine,stabilityRatio
ss1,0.03484221636632021
ss2,0.020633668970166424
ss3,0.27772167716581375
ss4,-0.31033714062540413
