subscapLine,stabilityRatio
ss1,0.03484221636651038
ss2,0.020633668970337846
ss3,0.27772167716552904
ss4,-0.3103371406252462
