subscapLine,lineOfAction
ss1,217.54990262039342
ss2,219.61910151530984
ss3,202.74207015111563
ss4,185.27154407602518
