subscapLine,momentArm
ss1,30.979999836357397
ss2,33.39344520458445
ss3,27.76296016276108
ss4,2.2509991870364634
