subscapLine,stabilityRatio
ss1,-0.7686836777053769
ss2,-0.8278313385091756
ss3,-0.4191484079686383
ss4,-0.09226563263539106
