subscapLine,lineOfAction
ss1,184.4477249950579
ss2,193.78653518443065
ss3,205.1816246540874
ss4,226.6498242331754
