subscapLine,momentArm
ss1,5.937925526813774
ss2,6.487272254989263
ss3,6.990402770307868
ss4,7.036977024172313
