subscapLine,momentArm
ss1,24.28765657291602
ss2,26.53462727221691
ss3,28.59256166567327
ss4,28.783062452167037
