subscapLine,stabilityRatio
ss1,-0.07771859692991144
ss2,-0.24536594123931255
ss3,-0.4702198913994375
ss4,-1.0593231527219253
