subscapLine,lineOfAction
ss1,204.7192385371634
ss2,201.7839764581839
ss3,201.7839764581839
ss4,222.59999859916218
