subscapLine,momentArm
ss1,27.86903050056519
ss2,22.919218594564295
ss3,22.919218594564295
ss4,22.485905573593868
