subscapLine,stabilityRatio
ss1,-0.4603861416740301
ss2,-0.39971453061275397
ss3,-0.39971453061275397
ss4,-0.919491952609904
