subscapLine,lineOfAction
ss1,174.02731067816828
ss2,164.11007519120164
ss3,158.61356392466098
ss4,148.14176496295238
