subscapLine,momentArm
ss1,18.1782242732848
ss2,20.109504577409496
ss3,16.941480128364486
ss4,-3.828221640887713
