subscapLine,stabilityRatio
ss1,-0.10460530973301231
ss2,-0.28464548545798274
ss3,-0.3916200617843855
ss4,-0.6213863027716557
