subscapLine,lineOfAction
ss1,212.7747844162024
ss2,220.68620296396114
ss3,194.60843139744992
ss4,196.08778988311508
