subscapLine,lineOfAction
ss1,212.7747844162026
ss2,220.68620296396128
ss3,194.60843139745015
ss4,196.0877898831153
