subscapLine,momentArm
ss1,26.526473578608627
ss2,31.840984030285114
ss3,11.434826446199676
ss4,10.229877208211176
