subscapLine,momentArm
ss1,28.42176693048589
ss2,34.115994508816655
ss3,12.251834801235118
ss4,10.960792993371516
