subscapLine,stabilityRatio
ss1,-0.6438469118086425
ss2,-0.8597170305424173
ss3,-0.2606378019170883
ss4,-0.28840432223702994
