subscapLine,stabilityRatio
ss1,-0.6438469055990194
ss2,-0.8597170304590799
ss3,-0.2606378017474643
ss4,-0.2884043222370284
