subscapLine,lineOfAction
ss1,159.29266838519558
ss2,151.57753578101457
ss3,128.99698697862596
ss4,125.8945876164216
