subscapLine,momentArm
ss1,19.885977516149318
ss2,19.461371067457996
ss3,23.090427383478147
ss4,11.075167168644597
