subscapLine,stabilityRatio
ss1,-0.3777873962526953
ss2,-0.5404146013861947
ss3,-1.235022928179554
ss4,-1.3818903085367702
