subscapLine,lineOfAction
ss1,161.04075696736615
ss2,166.10945091878827
ss3,108.67912837419226
ss4,124.46754117462994
