subscapLine,momentArm
ss1,13.98796003383418
ss2,18.658917136161936
ss3,-7.685390453891174
ss4,7.749883288306219
