subscapLine,stabilityRatio
ss1,0.34352550724188485
ss2,0.24730075709360047
ss3,2.957918030178678
ss4,1.4567761088356184
