subscapLine,lineOfAction
ss1,181.84377830901443
ss2,167.33486560197346
ss3,156.37142888861234
ss4,147.3750558300778
