subscapLine,momentArm
ss1,3.1970020750676036
ss2,10.320942508467677
ss3,8.376302395744874
ss4,-12.721101642160423
