subscapLine,stabilityRatio
ss1,0.032191856095136154
ss2,-0.22460875511650322
ss3,-0.4374814410648389
ss4,-0.6401372209703842
