subscapLine,lineOfAction
ss1,172.55129294511968
ss2,178.20098452825047
ss3,161.5894311183516
ss4,158.7958687262296
