subscapLine,momentArm
ss1,18.21815941810567
ss2,17.15586015073216
ss3,24.1728191284177
ss4,24.810002897461036
