subscapLine,stabilityRatio
ss1,0.1307274727723092
ss2,0.03138551415408459
ss3,0.3328500168121716
ss4,0.38795622336280583
