subscapLine,lineOfAction
ss1,172.4922732956916
ss2,167.31953554763479
ss3,164.8809535678384
ss4,163.73905206944264
