subscapLine,momentArm
ss1,20.038397295800863
ss2,22.69011058592351
ss3,23.420810039075377
ss4,23.072250524835525
