subscapLine,stabilityRatio
ss1,0.13177852367239193
ss2,0.2250013650620767
ss3,0.27014339750729
ss4,0.2916662933421366
