subscapLine,lineOfAction
ss1,156.35504541761156
ss2,181.33979344090307
ss3,138.90270204339853
ss4,131.27715409033667
