subscapLine,momentArm
ss1,18.951514786633027
ss2,31.271803884930318
ss3,13.336390900591956
ss4,18.552130838401332
