subscapLine,stabilityRatio
ss1,0.4376561274642522
ss2,-0.023361736438718132
ss3,0.8722514381764062
ss4,1.1391824344294874
