subscapLine,lineOfAction
ss1,167.89639217131685
ss2,162.32690365108385
ss3,148.0231191191616
ss4,114.66583119210566
