subscapLine,momentArm
ss1,14.381921519374098
ss2,12.74398809040648
ss3,17.987957606782917
ss4,-3.519127798100428
