subscapLine,stabilityRatio
ss1,-0.21394194935802038
ss2,-0.31803179656333486
ss3,-0.6213913057199609
ss4,-2.108182354646476
