subscapLine,lineOfAction
ss1,160.98004162524657
ss2,147.7942617335573
ss3,152.5418594077226
ss4,145.25773578811433
