subscapLine,momentArm
ss1,20.172052062973957
ss2,19.521317319854546
ss3,14.574995883838037
ss4,11.415488461648723
