subscapLine,stabilityRatio
ss1,-0.3446277027533317
ss2,-0.6293435456858012
ss3,-0.5185102806618765
ss4,-0.69383859454085
