subscapLine,lineOfAction
ss1,173.1003713400963
ss2,175.91350109258667
ss3,164.69641045847774
ss4,155.5189388867642
