subscapLine,momentArm
ss1,15.628799539561847
ss2,8.903030996366784
ss3,-2.9522971218043454
ss4,-6.328038975318218
