subscapLine,stabilityRatio
ss1,-0.12100072074687593
ss2,-0.0714406300007747
ss3,-0.27362827013770313
ss4,-0.45532550835523955
