subscapLine,lineOfAction
ss1,168.3713843105867
ss2,166.62024140513685
ss3,146.36014669927152
ss4,154.93551521458332
