subscapLine,momentArm
ss1,23.098757614886814
ss2,18.752073277710824
ss3,3.2112593177819764
ss4,-1.9459013919766126
