subscapLine,momentArm
ss1,22.97226377422235
ss2,18.649382829641436
ss3,3.1936737605304457
ss4,-1.9352452110369445
