subscapLine,stabilityRatio
ss1,-0.20578330989274501
ss2,-0.23786041112466647
ss3,-0.6654020971183633
ss4,-0.467679284079396
