subscapLine,stabilityRatio
ss1,-0.20578330342947718
ss2,-0.23786041114375372
ss3,-0.6654020971688334
ss4,-0.46767928413660853
