subscapLine,lineOfAction
ss1,182.7057250756258
ss2,193.6534812455689
ss3,206.42050362985245
ss4,235.45008622550847
