subscapLine,momentArm
ss1,23.334255247481618
ss2,26.48191489509735
ss3,28.095862819732854
ss4,27.116771883976384
