subscapLine,stabilityRatio
ss1,-0.04725548813638361
ss2,-0.2429041282070238
ss3,-0.4968535438364618
ss4,-1.4523030617052584
