subscapLine,lineOfAction
ss1,168.9991552248455
ss2,161.293469203809
ss3,161.48330410532114
ss4,190.28521294970187
