subscapLine,momentArm
ss1,13.942955096311216
ss2,9.485954417911284
ss3,14.09001772303957
ss4,29.190930537074426
