subscapLine,stabilityRatio
ss1,0.19439561037648415
ss2,0.33860837364960245
ss3,0.3349193726574782
ss4,-0.18146422555131286
