subscapLine,lineOfAction
ss1,204.84743634210022
ss2,196.05776518626533
ss3,179.78396569875002
ss4,165.23842574030687
