subscapLine,lineOfAction
ss1,204.84743634210022
ss2,196.05776518626533
ss3,179.78396569875008
ss4,165.2384257403069
