subscapLine,momentArm
ss1,-10.725661906527508
ss2,-16.400697660367783
ss3,-23.023873344339925
ss4,-22.508972873653033
