subscapLine,momentArm
ss1,-10.666925839815834
ss2,-16.31088385863763
ss3,-22.89778958629307
ss4,-22.38570882302001
