subscapLine,stabilityRatio
ss1,0.4630721169813941
ss2,0.28784584748755865
ss3,-0.003755093252756406
ss4,-0.2634868729290864
