subscapLine,stabilityRatio
ss1,0.46307211799068243
ss2,0.28784585292696296
ss3,-0.0037550843197850137
ss4,-0.2634868682140014
