subscapLine,lineOfAction
ss1,188.32874831295095
ss2,193.55305458186143
ss3,201.94798014546333
ss4,203.8076812734059
