subscapLine,momentArm
ss1,24.331053264699943
ss2,23.565511988091053
ss3,28.784587658617326
ss4,30.676278460769126
