subscapLine,stabilityRatio
ss1,-0.14639428039096683
ss2,-0.24104528003897108
ss3,-0.4029477183975087
ss4,-0.44118923853550013
