subscapLine,lineOfAction
ss1,178.41578023498
ss2,182.8690280004618
ss3,200.02743954846483
ss4,196.59860241718317
