subscapLine,momentArm
ss1,26.937600054716796
ss2,27.289786168653794
ss3,27.863003408123344
ss4,19.44111389874936
