subscapLine,stabilityRatio
ss1,0.027551444977112365
ss2,-0.05012485896968181
ss3,-0.36454231727840075
ss4,-0.2980977978866838
