subscapLine,lineOfAction
ss1,171.65415631827454
ss2,176.31773695402245
ss3,166.5952848127343
ss4,160.67388807218856
