subscapLine,momentArm
ss1,17.260071036623277
ss2,9.972716277466986
ss3,-2.852415059100986
ss4,-7.636960692312778
