subscapLine,stabilityRatio
ss1,-0.14669904678456094
ss2,-0.06435208991424933
ss3,-0.23830760839767362
ss4,-0.3507065498560293
