subscapLine,lineOfAction
ss1,179.60696151057593
ss2,189.96201091494947
ss3,160.1447997247744
ss4,189.68638372869907
