subscapLine,momentArm
ss1,15.976586015437169
ss2,21.68699316553086
ss3,9.49225960159999
ss4,29.86660316487697
