subscapLine,stabilityRatio
ss1,0.0068614155482250565
ss2,-0.17563898180338283
ss3,0.36110961519335694
ss4,-0.17069127096244363
