subscapLine,lineOfAction
ss1,177.3133573707362
ss2,160.58541618875432
ss3,116.06443448774553
ss4,128.4873574248254
