subscapLine,momentArm
ss1,16.67520041951263
ss2,11.301053727917454
ss3,11.549659086571566
ss4,10.406017969126957
