subscapLine,stabilityRatio
ss1,-0.046914634132054024
ss2,-0.3524293531107117
ss3,-2.044468882811877
ss4,-1.2577467196213201
