subscapLine,lineOfAction
ss1,154.56293499363832
ss2,155.14526328338098
ss3,163.85115534342577
ss4,190.34074983906922
