subscapLine,lineOfAction
ss1,154.56293499363827
ss2,155.1452632833807
ss3,163.85115534342575
ss4,190.3407498390691
