subscapLine,momentArm
ss1,3.7482197392696284
ss2,4.986791242949539
ss3,11.892282730990614
ss4,27.443950873026566
