subscapLine,momentArm
ss1,3.759842251353228
ss2,5.00225432823031
ss3,11.929158423814687
ss4,27.529049312507507
