subscapLine,stabilityRatio
ss1,0.475627917930942
ss2,0.46322468606469086
ss3,0.2895589183670779
ss4,-0.18246573863424828
