subscapLine,stabilityRatio
ss1,0.47562791793093256
ss2,0.46322468606468
ss3,0.2895589183670789
ss4,-0.1824657386481046
