subscapLine,lineOfAction
ss1,198.27484272119827
ss2,181.85426441141692
ss3,170.6104522242809
ss4,160.79335991015003
