subscapLine,momentArm
ss1,-12.799076055283551
ss2,-6.087292122475074
ss3,-11.645654316653395
ss4,-14.365503525406847
