subscapLine,stabilityRatio
ss1,0.3302712111719665
ss2,0.03239867609213539
ss3,-0.16534431002938726
ss4,-0.34836198192436135
