subscapLine,lineOfAction
ss1,156.80049242539872
ss2,157.1127189033293
ss3,139.4599349308108
ss4,104.34044299475536
