subscapLine,momentArm
ss1,17.025440044790148
ss2,15.528473863486022
ss3,19.50943816770596
ss4,3.107396052190019
