subscapLine,stabilityRatio
ss1,-0.4284905616826809
ss2,-0.422138903573254
ss3,-0.8547457889848894
ss4,-3.911631362802268
