subscapLine,lineOfAction
ss1,201.8118773023416
ss2,189.22010784021043
ss3,174.5930479427965
ss4,161.82837124209274
