subscapLine,momentArm
ss1,-15.058335722274364
ss2,-19.544644489443236
ss3,-13.083213048902604
ss4,-12.200166539201659
