subscapLine,stabilityRatio
ss1,0.40021264826206604
ss2,0.16246053990653742
ss3,-0.09463063549554308
ss4,-0.3281994574921712
