subscapLine,lineOfAction
ss1,154.7558893461245
ss2,146.065895079599
ss3,123.69679109136538
ss4,130.11918691740695
