subscapLine,lineOfAction
ss1,154.75588934612455
ss2,146.06589507959907
ss3,123.69679109136544
ss4,130.11918691740698
