subscapLine,momentArm
ss1,19.464892114854575
ss2,20.72383386657564
ss3,9.564540601820292
ss4,4.21016885116608
