subscapLine,momentArm
ss1,20.655127019990022
ss2,21.99105026267387
ss3,10.149391008835147
ss4,4.467611322133962
