subscapLine,stabilityRatio
ss1,-0.47157842078515105
ss2,-0.6728460100488948
ss3,-1.499617526920937
ss4,-1.1867288415269694
