subscapLine,stabilityRatio
ss1,-0.4715784840512408
ss2,-0.6728460130714372
ss3,-1.4996175268615335
ss4,-1.1867288413644412
