subscapLine,lineOfAction
ss1,156.50289699880918
ss2,170.49541634996748
ss3,108.81357506225164
ss4,116.50648810420745
