subscapLine,momentArm
ss1,20.144792233624464
ss2,9.967614334681766
ss3,15.281854190008257
ss4,10.575805595808385
