subscapLine,momentArm
ss1,20.259695736000875
ss2,10.024468423029225
ss3,15.369020071337463
ss4,10.636128734876653
