subscapLine,stabilityRatio
ss1,-0.43475225474048007
ss2,-0.16742570802885726
ss3,-2.9351563653262693
ss4,-2.005120205319989
