subscapLine,stabilityRatio
ss1,-0.43475225474048157
ss2,-0.16742570753917568
ss3,-2.93515636857705
ss4,-2.0051202053685655
