subscapLine,lineOfAction
ss1,204.531808506322
ss2,185.37555252855861
ss3,177.01797116583091
ss4,163.63511402486475
