subscapLine,momentArm
ss1,-21.423402851440162
ss2,-12.13515052575014
ss3,-23.666415908334468
ss4,-19.448690048625117
