subscapLine,stabilityRatio
ss1,0.4563968882890004
ss2,0.0941082518827549
ss3,-0.05208976233440709
ss4,-0.29364373583772807
