subscapLine,lineOfAction
ss1,180.79006568321384
ss2,189.72342440798846
ss3,215.02824525308068
ss4,214.22121857561993
