subscapLine,momentArm
ss1,22.914220089984486
ss2,24.391377076890297
ss3,27.170521967390403
ss4,26.981700079436216
