subscapLine,stabilityRatio
ss1,-0.013790121523466505
ss2,-0.1713539381613966
ss3,-0.7009424644794071
ss4,-0.6801408092324591
