subscapLine,lineOfAction
ss1,183.8592516734099
ss2,197.28247268338234
ss3,192.26186224081798
ss4,184.80206150911636
