subscapLine,lineOfAction
ss1,183.85925167340957
ss2,197.2824726833822
ss3,192.261862240818
ss4,184.80206150911604
