subscapLine,momentArm
ss1,22.102953287594996
ss2,31.717751804957043
ss3,18.66219157851685
ss4,8.4483239927192
