subscapLine,momentArm
ss1,21.84315584
ss2,31.34494231
ss3,18.44283674
ss4,8.349022647
