subscapLine,momentArm
ss1,21.843155840087174
ss2,31.344942305141036
ss3,18.44283674054983
ss4,8.349022646855426
