subscapLine,stabilityRatio
ss1,-0.06745869742863649
ss2,-0.31112976206524745
ss3,-0.21733808843334376
ss4,-0.08400858010920834
