subscapLine,stabilityRatio
ss1,-0.06745869742863252
ss2,-0.31112976206525605
ss3,-0.2173380884333546
ss4,-0.08400858010922291
