subscapLine,lineOfAction
ss1,199.07335169643474
ss2,193.14493871628213
ss3,193.14493871628213
ss4,202.84793522721282
