subscapLine,momentArm
ss1,28.713933397503414
ss2,20.94229149664161
ss3,20.94229149664161
ss4,22.545850428908935
