subscapLine,stabilityRatio
ss1,-0.3457555600543807
ss2,-0.233533499871283
ss3,-0.233533499871283
ss4,-0.42134611928795257
