subscapLine,lineOfAction
ss1,154.87398324117737
ss2,149.69603035697486
ss3,150.75786989098236
ss4,146.95030363795792
