subscapLine,lineOfAction
ss1,154.8739832411773
ss2,149.69603035697492
ss3,150.75786989098248
ss4,146.95030363795803
