subscapLine,momentArm
ss1,8.368509258510706
ss2,-11.712985505864454
ss3,-12.247466037178432
ss4,-14.50417473364966
