subscapLine,momentArm
ss1,7.886280714779646
ss2,-11.038034236916397
ss3,-11.54171576206256
ss4,-13.668383454251266
