subscapLine,stabilityRatio
ss1,-0.4689880642209092
ss2,-0.5844457640539261
ss3,-0.55969258583791
ss4,-0.6506376754148466
