subscapLine,stabilityRatio
ss1,-0.4689880642209106
ss2,-0.5844457640539273
ss3,-0.5596925591015606
ss4,-0.6506376745929915
