subscapLine,lineOfAction
ss1,162.45738718286344
ss2,159.12982527326156
ss3,152.34041750106033
ss4,126.08454696385846
