subscapLine,momentArm
ss1,17.482121281715767
ss2,14.672582968559185
ss3,16.516763209713172
ss4,2.46418145387252
