subscapLine,stabilityRatio
ss1,-0.31611640700921334
ss2,-0.3812580837444641
ss3,-0.5241121221535936
ss4,-1.372232403985855
