subscapLine,lineOfAction
ss1,192.90879602775598
ss2,183.56184734534554
ss3,171.04630317444528
ss4,159.83130685308012
