subscapLine,momentArm
ss1,2.3583993198635387
ss2,1.0262497273184716
ss3,-9.019247577549326
ss4,-9.92440345918372
