subscapLine,stabilityRatio
ss1,0.2292399514932527
ss2,0.062252796237912175
ss3,-0.1575433052968644
ss4,-0.3672552840649455
