subscapLine,lineOfAction
ss1,174.6035705
ss2,173.7843289
ss3,179.1861775
ss4,158.260585
