subscapLine,lineOfAction
ss1,174.60357054838113
ss2,173.78432889590357
ss3,179.1861774504403
ss4,158.26058497718734
