subscapLine,momentArm
ss1,17.888850681179427
ss2,11.317356065123814
ss3,8.723256205190616
ss4,15.258629089489771
