subscapLine,stabilityRatio
ss1,0.09446277553076769
ss2,0.10891088014613558
ss3,0.01420402171807296
ss4,0.39874296824362915
