subscapLine,lineOfAction
ss1,165.99315583276024
ss2,172.26149464721215
ss3,185.27225505926495
ss4,183.76247075292204
