subscapLine,momentArm
ss1,20.355444520594077
ss2,25.38880824416376
ss3,28.765050905481893
ss4,29.756391077071157
