subscapLine,stabilityRatio
ss1,0.24945338344892945
ss2,0.1359289412988083
ss3,-0.0922915674369515
ss4,-0.06577132835711282
