subscapLine,lineOfAction
ss1,170.03438389188676
ss2,151.37648463976285
ss3,140.05770994622864
ss4,140.83487395226095
