subscapLine,lineOfAction
ss1,170.0343838918868
ss2,151.3764846397628
ss3,140.05770994622867
ss4,140.834873952261
