subscapLine,momentArm
ss1,23.02736390680944
ss2,26.195832033463592
ss3,21.082325620885335
ss4,2.9821097813028565
