subscapLine,momentArm
ss1,23.26561929958216
ss2,26.466870363139538
ss3,21.300456440882545
ss4,3.0129645391514375
