subscapLine,stabilityRatio
ss1,-0.17570827577076137
ss2,-0.5457499777798911
ss3,-0.8373848442146812
ss4,-0.8145670719343152
