subscapLine,stabilityRatio
ss1,-0.1757082757707624
ss2,-0.545749977993423
ss3,-0.8373848441930669
ss4,-0.8145670719348709
