subscapLine,lineOfAction
ss1,184.59264212427428
ss2,187.21731507471236
ss3,183.45008699619518
ss4,224.46289578734022
