subscapLine,momentArm
ss1,17.984099956032935
ss2,18.168517728284286
ss3,20.219910454205937
ss4,25.3137661602127
