subscapLine,stabilityRatio
ss1,-0.08034176190228681
ss2,-0.12669404347752927
ss3,-0.06018109127004198
ss4,-0.98141402398491
