subscapLine,lineOfAction
ss1,220.9938907478235
ss2,218.98254863217682
ss3,196.08042849267144
ss4,194.98384733610402
