subscapLine,lineOfAction
ss1,220.99389074782354
ss2,218.98254863217684
ss3,196.08042849267144
ss4,194.98384733610402
