subscapLine,momentArm
ss1,34.26008066986883
ss2,33.817975717497724
ss3,20.263679362095086
ss4,19.440424651636985
