subscapLine,momentArm
ss1,36.707933488900906
ss2,36.23424052410213
ss3,21.71150154116225
ss4,20.82942600120305
