subscapLine,stabilityRatio
ss1,-0.8691000714661687
ss2,-0.8092815033171908
ss3,-0.28826516026259386
ss4,-0.2676470573363384
