subscapLine,stabilityRatio
ss1,-0.8691000716890842
ss2,-0.809281504018645
ss3,-0.28826516026266136
ss4,-0.2676470573362948
