subscapLine,lineOfAction
ss1,190.77151783165044
ss2,192.30897707011644
ss3,188.3975583188045
ss4,191.9408820370488
