subscapLine,lineOfAction
ss1,190.7715178316505
ss2,192.3089770701166
ss3,188.39755831880447
ss4,191.94088203704874
