subscapLine,momentArm
ss1,23.462924331294428
ss2,20.740886498688283
ss3,5.138861784841852
ss4,5.1752835868662395
