subscapLine,momentArm
ss1,23.43192126875543
ss2,20.71348023883113
ss3,5.132071478098772
ss4,5.168445153666834
