subscapLine,stabilityRatio
ss1,-0.19023825173792344
ss2,-0.2181772184161902
ss3,-0.1475979141013825
ss4,-0.21147668047069088
