subscapLine,stabilityRatio
ss1,-0.19023825359739316
ss2,-0.21817722629611697
ss3,-0.14759793055211443
ss4,-0.21147668193899338
