subscapLine,lineOfAction
ss1,180.40202815966774
ss2,193.776572401166
ss3,169.46056789157376
ss4,213.9002903333801
