subscapLine,momentArm
ss1,17.205283961633775
ss2,24.340223542300972
ss3,14.907897958215605
ss4,28.09460945901173
