subscapLine,stabilityRatio
ss1,-0.007016734299974839
ss2,-0.2451892563723523
ss3,0.18605075655238643
ss4,-0.6719807550121504
