subscapLine,lineOfAction
ss1,189.55467964623674
ss2,191.66788701358453
ss3,207.94789076703384
ss4,162.03452681959575
