subscapLine,momentArm
ss1,9.133041982290651
ss2,9.105852708655066
ss3,9.303131911123721
ss4,20.641741625800822
