subscapLine,stabilityRatio
ss1,-0.16835378406684734
ss2,-0.20643747197235307
ss3,-0.5299419343750909
ss4,0.32437090930233176
