subscapLine,lineOfAction
ss1,174.49281473025422
ss2,176.8583745883607
ss3,146.12190563438128
ss4,191.00253674037555
