subscapLine,lineOfAction
ss1,174.49281473025437
ss2,176.8583745883607
ss3,146.12190563438114
ss4,191.00253674037555
