subscapLine,momentArm
ss1,13.178657071942562
ss2,14.527406533657905
ss3,6.0522712646307815
ss4,27.389122495744463
