subscapLine,momentArm
ss1,13.137918899746905
ss2,14.482499075660158
ss3,6.033562342499474
ss4,27.304456601303965
