subscapLine,stabilityRatio
ss1,0.09641561905886603
ss2,0.05488672426621422
ss3,0.6714127915921545
ss4,-0.19442634423252092
