subscapLine,stabilityRatio
ss1,0.09641561905886736
ss2,0.05488672426621423
ss3,0.6714127909706579
ss4,-0.194426344240781
