subscapLine,lineOfAction
ss1,202.24802000386345
ss2,202.24802000386345
ss3,193.56093488849515
ss4,193.1794294342214
