subscapLine,momentArm
ss1,40.63938052910253
ss2,40.63938052910253
ss3,32.70762916711035
ss4,19.929748368456053
