subscapLine,stabilityRatio
ss1,-0.4089176488548425
ss2,-0.4089176488548425
ss3,-0.2411922739584382
ss4,-0.2341588356670095
