subscapLine,lineOfAction
ss1,174.89516709533322
ss2,167.70676414583434
ss3,166.3468062677948
ss4,167.590291977573
