subscapLine,lineOfAction
ss1,174.89516709533316
ss2,167.70676414583428
ss3,166.34680626779473
ss4,167.590291977573
