subscapLine,momentArm
ss1,22.85060527861156
ss2,21.023087746995685
ss3,17.26611732268376
ss4,12.995618343237183
