subscapLine,momentArm
ss1,22.740377800962523
ss2,20.921675906631233
ss3,17.18282847593039
ss4,12.932929665497612
