subscapLine,stabilityRatio
ss1,0.08933264496494621
ss2,0.21791159466007334
ss3,0.2429084254586955
ss4,0.22004189362128568
