subscapLine,stabilityRatio
ss1,0.08933264496494235
ss2,0.2179115946600669
ss3,0.2429084254586941
ss4,0.22004189362128257
