subscapLine,lineOfAction
ss1,162.61955091245107
ss2,156.38467732818054
ss3,150.57844521444176
ss4,107.1905426926851
