subscapLine,momentArm
ss1,31.269835805660573
ss2,29.677635099718167
ss3,26.842500538661874
ss4,19.987461792245696
