subscapLine,stabilityRatio
ss1,-0.3128276920706925
ss2,-0.4368247529748071
ss3,-0.5638954242015007
ss4,-3.23235393456806
