subscapLine,lineOfAction
ss1,164.5071303211118
ss2,155.87270543642092
ss3,151.78819032301539
ss4,147.5937794119608
