subscapLine,lineOfAction
ss1,164.50713032111182
ss2,155.87270543642086
ss3,151.7881903230154
ss4,147.59377941196075
