subscapLine,momentArm
ss1,13.300220077433934
ss2,10.070828509300359
ss3,-8.941684987327816
ss4,-10.82637712835443
