subscapLine,momentArm
ss1,14.113498984336479
ss2,10.6866372969718
ss3,-9.488449157395891
ss4,-11.488386035380087
