subscapLine,stabilityRatio
ss1,-0.2772378513966841
ss2,-0.44789712353234107
ss3,-0.5364206120204021
ss4,-0.6347638585573798
