subscapLine,stabilityRatio
ss1,-0.27723787179112497
ss2,-0.4478971253811291
ss3,-0.5364206024636407
ss4,-0.6347638565235277
