subscapLine,lineOfAction
ss1,177.47003965344965
ss2,225.34467303375632
ss3,214.37176437893436
ss4,220.31231912149133
