subscapLine,momentArm
ss1,22.05149167952171
ss2,39.652060004760266
ss3,30.31702951047854
ss4,24.109517893061195
