subscapLine,stabilityRatio
ss1,0.04437262837467352
ss2,-1.0078923556684432
ss3,-0.6835003887421579
ss4,-0.8485161744322538
