subscapLine,lineOfAction
ss1,167.9530066136389
ss2,180.9316994790827
ss3,166.56634523087794
ss4,156.01482586284948
