subscapLine,momentArm
ss1,18.72941838481683
ss2,3.9187180115197906
ss3,-0.5380155707023809
ss4,-5.489041119258685
