subscapLine,stabilityRatio
ss1,-0.2133942973213557
ss2,0.01626417212579836
ss3,-0.23885345950902603
ss4,-0.44491369932709
