subscapLine,lineOfAction
ss1,151.18308658426977
ss2,154.0714538664782
ss3,124.95306842975876
ss4,114.05005784325785
