subscapLine,momentArm
ss1,18.44684415248815
ss2,15.691624766844724
ss3,19.146417542144224
ss4,4.911024423239511
