subscapLine,stabilityRatio
ss1,-0.5501100970202678
ss2,-0.48617986755202125
ss3,-1.430646981969533
ss4,-2.240815622158998
