subscapLine,lineOfAction
ss1,159.55855957090517
ss2,151.75754362809707
ss3,130.82131862527694
ss4,115.30962941770949
