subscapLine,momentArm
ss1,18.28589568297392
ss2,21.32515529823984
ss3,26.13404534279839
ss4,14.334187873282831
