subscapLine,stabilityRatio
ss1,-0.3727085349969896
ss2,-0.5365471676535442
ss3,-1.1576314056182841
ss4,-2.1146541256217524
