subscapLine,lineOfAction
ss1,165.62759308185534
ss2,169.75059065921278
ss3,171.84943062626385
ss4,168.24695181647616
