subscapLine,momentArm
ss1,26.360982022699687
ss2,20.04147294072561
ss3,3.975213373413264
ss4,7.8137706010466905
