subscapLine,stabilityRatio
ss1,0.2562430854009129
ss2,0.18081881143641562
ss3,0.14322132877556445
ss4,0.20805580227218295
