subscapLine,lineOfAction
ss1,168.76680203638344
ss2,165.09960623556074
ss3,174.462663014411
ss4,196.97139164584718
