subscapLine,momentArm
ss1,12.671281761541882
ss2,11.990375722652526
ss3,19.27104674946436
ss4,28.047822517786532
