subscapLine,stabilityRatio
ss1,0.19861005327135048
ss2,0.26611224351910817
ss3,0.09694679893723206
ss4,-0.3051825205838702
