subscapLine,lineOfAction
ss1,169.82661021988426
ss2,149.2696282348843
ss3,147.9224418384064
ss4,138.55976349527907
