subscapLine,momentArm
ss1,23.037350848926316
ss2,21.287585157724124
ss3,13.415332622819381
ss4,-7.033395066258646
