subscapLine,stabilityRatio
ss1,-0.1789241297019678
ss2,-0.5944773449929117
ss3,-0.6267760712499444
ss4,-0.8829191958550998
