subscapLine,lineOfAction
ss1,166.32383542654324
ss2,160.00443825307588
ss3,164.9883080494695
ss4,164.49790483378143
