subscapLine,momentArm
ss1,19.985766434721263
ss2,18.414824894757523
ss3,14.154982094995143
ss4,12.161252391180954
