subscapLine,stabilityRatio
ss1,0.24331154820196646
ss2,0.36388089888211084
ss3,0.2681476347055625
ss4,0.2773576282086457
