subscapLine,lineOfAction
ss1,188.39422478264345
ss2,176.94948334313244
ss3,164.27573674931133
ss4,154.37800081808945
