subscapLine,momentArm
ss1,-2.198825466182059
ss2,-2.0997129844306808
ss3,-5.0616915016042725
ss4,-8.16237119009047
