subscapLine,stabilityRatio
ss1,0.14774545668135158
ss2,-0.053237977961815466
ss3,-0.2814421235625805
ss4,-0.4794348616313885
