subscapLine,lineOfAction
ss1,178.04204480441172
ss2,195.3318710348591
ss3,168.5096997835324
ss4,204.55804689137565
