subscapLine,momentArm
ss1,11.224119400869014
ss2,21.86267071001303
ss3,11.416634895233203
ss4,29.162990705108268
