subscapLine,stabilityRatio
ss1,0.034125415084931526
ss2,-0.2741701952643297
ss3,0.2032777373655469
ss4,-0.45694012361167674
