subscapLine,lineOfAction
ss1,179.0100946095132
ss2,173.32315538250512
ss3,156.1105865585513
ss4,147.95459192495858
