subscapLine,momentArm
ss1,7.020794402206678
ss2,-12.11219747194734
ss3,-5.034953297754682
ss4,-5.849652299218121
