subscapLine,stabilityRatio
ss1,-0.01700904366322154
ss2,-0.11701748779919773
ss3,-0.44288381529442633
ss4,-0.6259878628751648
