subscapLine,lineOfAction
ss1,191.98726251618555
ss2,191.06491713732893
ss3,165.5785508028726
ss4,160.60792775836276
