subscapLine,stabilityRatio
ss1,0.21234215866358205
ss2,0.19555376826368792
ss3,-0.2571689734842101
ss4,-0.35200500657940575
