subscapLine,lineOfAction
ss1,176.0009190594373
ss2,168.38237456755417
ss3,130.78406391666917
ss4,123.52141755043908
