subscapLine,momentArm
ss1,24.789303578586907
ss2,15.008854432151464
ss3,12.810206092841364
ss4,13.196176729530382
