subscapLine,stabilityRatio
ss1,-0.06991069291365305
ss2,-0.20559272570700088
ss3,-1.1591627987697315
ss4,-1.5096088194617985
