subscapLine,lineOfAction
ss1,165.71337669676598
ss2,186.6645126232422
ss3,155.53203440559324
ss4,173.51225387525062
