subscapLine,momentArm
ss1,11.597793648542199
ss2,24.953079121460423
ss3,9.72008134669957
ss4,14.980214618836152
