subscapLine,stabilityRatio
ss1,0.25482390811432765
ss2,-0.1167619993117769
ss3,0.4550423142424616
ss4,0.11371652496736297
