subscapLine,lineOfAction
ss1,188.88264981784508
ss2,189.52886798297635
ss3,197.68206696860653
ss4,187.15095073918468
