subscapLine,momentArm
ss1,13.528381025152619
ss2,11.584526292788762
ss3,14.113902602695546
ss4,3.4709031665755585
