subscapLine,stabilityRatio
ss1,-0.1563375602108329
ss2,-0.16786809815308742
ss3,-0.31896798268295123
ss4,-0.1255055488922417
