subscapLine,lineOfAction
ss1,156.4843430082615
ss2,171.80575388446437
ss3,110.6347799056428
ss4,120.79213473574433
