subscapLine,lineOfAction
ss1,156.4843430082616
ss2,171.80575388446442
ss3,110.63477990564284
ss4,120.79213473574434
