subscapLine,momentArm
ss1,20.518524993989914
ss2,9.908907246794069
ss3,8.741799835570866
ss4,3.307190939503323
