subscapLine,momentArm
ss1,20.51852499
ss2,9.908907247
ss3,8.741799836
ss4,3.30719094
