subscapLine,momentArm
ss1,20.402153533325873
ss2,9.852708567296895
ss3,8.692220442510413
ss4,3.2884341019412844
