subscapLine,stabilityRatio
ss1,-0.4351373438114049
ss2,-0.14400413661207345
ss3,-2.6555280679085844
ss4,-1.6780349797258574
