subscapLine,stabilityRatio
ss1,-0.4351373438114127
ss2,-0.14400413416842964
ss3,-2.6555280692099146
ss4,-1.6780349799045489
