subscapLine,lineOfAction
ss1,193.82192873924276
ss2,195.8344134740995
ss3,212.72706447996705
ss4,190.02920258228642
