subscapLine,momentArm
ss1,25.417873162591075
ss2,24.125099050958184
ss3,22.348171998303837
ss4,17.521116682290565
