subscapLine,stabilityRatio
ss1,-0.24607078558095674
ss2,-0.2836684053791895
ss3,-0.642653217520769
ss4,-0.17684248993020213
