subscapLine,lineOfAction
ss1,194.00541127099686
ss2,194.17250903987212
ss3,198.80298606694848
ss4,200.55019928124506
