subscapLine,momentArm
ss1,16.842578183530623
ss2,12.939398206936477
ss3,18.98731911599405
ss4,22.712111789314427
