subscapLine,momentArm
ss1,17.042899916047755
ss2,13.093296418854852
ss3,19.213149901502344
ss4,22.982244398062367
