subscapLine,stabilityRatio
ss1,-0.24942832079176408
ss2,-0.25252843366781924
ss3,-0.34048592615207646
ss4,-0.37488362548907306
