subscapLine,stabilityRatio
ss1,-0.24942832079175406
ss2,-0.2525284336678189
ss3,-0.34048592615207257
ss4,-0.3748836254890481
