subscapLine,lineOfAction
ss1,170.38108322804607
ss2,145.4085906329588
ss3,141.05643234664984
ss4,147.8286823444068
