subscapLine,momentArm
ss1,9.137302602709665
ss2,21.404147831166465
ss3,10.664602139779433
ss4,-15.53104569833417
