subscapLine,stabilityRatio
ss1,-0.1695608391695541
ss2,-0.689690364064532
ss3,-0.8081865918489217
ss4,-0.629047238900652
