subscapLine,lineOfAction
ss1,189.9226982761818
ss2,171.43315303505804
ss3,160.18249685252857
ss4,151.7227295796853
