subscapLine,momentArm
ss1,1.5409357927020197
ss2,9.335123224248099
ss3,6.784487985010003
ss4,-0.8218876002182038
