subscapLine,stabilityRatio
ss1,0.17484818115248002
ss2,-0.15068248860580138
ss3,-0.36037661701286944
ss4,-0.5379738515658525
