subscapLine,lineOfAction
ss1,171.72717659720902
ss2,120.6295795216665
ss3,114.24096571032806
ss4,143.38550151000163
