subscapLine,momentArm
ss1,11.400205976247282
ss2,17.881958584301934
ss3,12.656127520600801
ss4,-0.1714123600614275
