subscapLine,stabilityRatio
ss1,-0.14540298747875016
ss2,-1.689038517117386
ss3,-2.2208366798128774
ss4,-0.7430563658833648
