subscapLine,lineOfAction
ss1,154.87144793872392
ss2,171.75696766258426
ss3,205.7629341475033
ss4,207.75692868909786
