subscapLine,momentArm
ss1,15.620188765074513
ss2,15.07597158377269
ss3,29.19004717061642
ss4,26.019103258458415
