subscapLine,stabilityRatio
ss1,0.4690147677771071
ss2,0.14502683027632673
ss3,-0.4826801513664793
ss4,-0.5263013538026066
