subscapLine,lineOfAction
ss1,164.46641363569768
ss2,170.32698872758942
ss3,177.6528854437456
ss4,204.69901122148704
