subscapLine,lineOfAction
ss1,164.46641363569768
ss2,170.32698872758948
ss3,177.65288544374565
ss4,204.6990112214871
