subscapLine,momentArm
ss1,17.433827284587153
ss2,19.31731471270177
ss3,22.357896226637017
ss4,18.874949933139717
