subscapLine,momentArm
ss1,17.255408791353794
ss2,19.119620532984733
ss3,22.12908461278381
ss4,18.681782932460337
