subscapLine,stabilityRatio
ss1,0.2779559228463064
ss2,0.17044836421163315
ss3,0.04098780699527854
ss4,-0.45992770227845897
