subscapLine,stabilityRatio
ss1,0.2779559228462772
ss2,0.17044836421179543
ss3,0.04098780699534475
ss4,-0.45992770227846425
