subscapLine,lineOfAction
ss1,171.63242172921116
ss2,172.61804198903468
ss3,166.0838284244146
ss4,164.04854687122406
