subscapLine,momentArm
ss1,23.142332295939624
ss2,20.679242351305074
ss3,19.9829957349695
ss4,22.71370122014883
