subscapLine,stabilityRatio
ss1,0.14708899589374677
ss2,0.12955713305132763
ss3,0.24777453471438254
ss4,0.28582863782564666
