subscapLine,lineOfAction
ss1,158.67343755179982
ss2,194.74700549175654
ss3,187.38843667523136
ss4,182.34963799129554
