subscapLine,momentArm
ss1,-4.740706641631762
ss2,23.600310392605618
ss3,13.358621606380398
ss4,6.461632537070355
