subscapLine,stabilityRatio
ss1,0.39043554084657517
ss2,-0.26320735228258263
ss3,-0.12967045564255214
ss4,-0.04102749163527135
