subscapLine,lineOfAction
ss1,206.95786972894385
ss2,223.99230439416237
ss3,176.12518883742658
ss4,187.1027252997562
