subscapLine,momentArm
ss1,1.1408924477612645
ss2,11.435497263001562
ss3,-9.986030431751663
ss4,3.257069331884968
