subscapLine,stabilityRatio
ss1,-0.5078901283530821
ss2,-0.9581756472574258
ss3,0.06897373669127566
ss4,-0.1234056166728848
