subscapLine,lineOfAction
ss1,149.1601862677567
ss2,139.97177384613894
ss3,133.80598524069552
ss4,108.08134845060468
