subscapLine,momentArm
ss1,32.63547680115603
ss2,33.36301892503516
ss3,30.562772432565758
ss4,15.739215709026949
