subscapLine,stabilityRatio
ss1,-0.5970621516533307
ss2,-0.8404591351305479
ss3,-1.0425872124483184
ss4,-3.0628726703258424
