subscapLine,lineOfAction
ss1,191.917381869477
ss2,193.18594403094008
ss3,192.13894971340872
ss4,194.63633899696364
