subscapLine,momentArm
ss1,26.213626291605113
ss2,22.677520048921885
ss3,16.346764002959812
ss4,16.70227024599
