subscapLine,stabilityRatio
ss1,-0.21104167114397376
ss2,-0.23428557750393111
ss3,-0.21506810077390814
ss4,-0.26115433559146195
