subscapLine,lineOfAction
ss1,177.72703593804212
ss2,188.30535392634897
ss3,166.7495677679173
ss4,159.42434406259088
