subscapLine,momentArm
ss1,15.603194921624615
ss2,-2.3662459990216083
ss3,-1.5928132416003096
ss4,-7.531706058537526
