subscapLine,stabilityRatio
ss1,-0.039655777215853664
ss2,0.14597963358435495
ss3,-0.2354788663821605
ss4,-0.3753928384380277
