subscapLine,lineOfAction
ss1,175.93997932439717
ss2,168.25204107480712
ss3,168.17655976204009
ss4,166.8467592320424
