subscapLine,lineOfAction
ss1,175.93997932439714
ss2,168.2520410748071
ss3,168.17655976204006
ss4,166.8467592320424
