subscapLine,momentArm
ss1,21.994868438451615
ss2,19.136120040810088
ss3,15.424917455253473
ss4,13.043687890382161
