subscapLine,momentArm
ss1,21.88876889143161
ss2,19.043810615376067
ss3,15.350510247072023
ss4,12.980767333229812
