subscapLine,stabilityRatio
ss1,0.07097957016241833
ss2,0.20796313471275757
ss3,0.2093378852608399
ss4,0.23368704851312685
