subscapLine,stabilityRatio
ss1,0.07097957016241507
ss2,0.20796313471275746
ss3,0.20933788526083966
ss4,0.23368704851312475
