subscapLine,lineOfAction
ss1,205.8149325622528
ss2,205.8149325622528
ss3,196.3007483368724
ss4,196.7118945500652
