subscapLine,momentArm
ss1,39.00328726464497
ss2,39.00328726464497
ss3,31.33518587421435
ss4,25.009143316861163
