subscapLine,stabilityRatio
ss1,-0.48354310125012573
ss2,-0.48354310125012573
ss3,-0.29241670577759893
ss4,-0.3002342245146953
