subscapLine,lineOfAction
ss1,177.97715587845002
ss2,166.19389180716217
ss3,164.28452161206476
ss4,163.15391918371947
