subscapLine,momentArm
ss1,15.862630367809778
ss2,16.50957185047088
ss3,14.924437998902192
ss4,12.589831561820056
