subscapLine,stabilityRatio
ss1,0.035319028062418385
ss2,0.24573359227225555
ss3,0.28137068637836893
ss4,0.30276869934741674
