subscapLine,lineOfAction
ss1,198.58214104390345
ss2,192.44125681775947
ss3,169.9122443058242
ss4,158.73633750120828
