subscapLine,momentArm
ss1,-0.682783301306522
ss2,-8.727980532843123
ss3,-3.2565985975489413
ss4,-7.457902742009554
