subscapLine,stabilityRatio
ss1,0.3362292465729258
ss2,0.22062038869264838
ss3,-0.1778860559023735
ss4,-0.38906773388121557
