subscapLine,lineOfAction
ss1,190.15990204594888
ss2,181.18588585135038
ss3,168.93589086395772
ss4,156.89920046429603
