subscapLine,lineOfAction
ss1,190.15990204594883
ss2,181.18588585135038
ss3,168.9358908639577
ss4,156.89920046429603
