subscapLine,momentArm
ss1,8.750444176275407
ss2,-1.2146697856270143
ss3,-8.613913125633882
ss4,-7.6920239549473255
