subscapLine,momentArm
ss1,8.700466737818248
ss2,-1.207732299571
ss3,-8.56471547298462
ss4,-7.648091596077893
