subscapLine,stabilityRatio
ss1,0.17920597325564616
ss2,0.020699143635565652
ss3,-0.19554195342724756
ss4,-0.4265660945095682
