subscapLine,stabilityRatio
ss1,0.17920597324773146
ss2,0.02069914290776608
ss3,-0.19554195356614396
ss4,-0.42656610460704736
