subscapLine,lineOfAction
ss1,159.0913307846459
ss2,194.64159078712504
ss3,181.5751599150283
ss4,210.66360194785858
