subscapLine,lineOfAction
ss1,159.09133078464583
ss2,194.64159078712507
ss3,181.57515991502822
ss4,210.66360194785844
