subscapLine,momentArm
ss1,-3.093851105829541
ss2,14.878860289103336
ss3,11.433667070150433
ss4,26.039804749639174
