subscapLine,momentArm
ss1,-3.0621885085363854
ss2,14.726589431392286
ss3,11.316654459122017
ss4,25.773312335111935
