subscapLine,stabilityRatio
ss1,0.38203624714394346
ss2,-0.2612557843425728
ss3,-0.027498654896644
ss4,-0.5928976465985728
