subscapLine,stabilityRatio
ss1,0.3820362471570045
ss2,-0.26125578433833124
ss3,-0.027498654886631054
ss4,-0.5928976465927522
