subscapLine,lineOfAction
ss1,179.19001931299738
ss2,166.3588997602772
ss3,150.91481005449475
ss4,146.46111670774619
