subscapLine,momentArm
ss1,4.157507253046767
ss2,9.147729513696383
ss3,11.085891604397839
ss4,-15.69398283733975
