subscapLine,stabilityRatio
ss1,-0.014066294147876073
ss2,-0.24267957982847832
ss3,-0.5560424037896357
ss4,-0.6628626516796425
