subscapLine,lineOfAction
ss1,159.07456265834136
ss2,161.3789433671179
ss3,155.95862796470635
ss4,155.98004443282068
