subscapLine,momentArm
ss1,22.35156806120709
ss2,20.021070880622897
ss3,20.878554350640734
ss4,16.307801838057145
