subscapLine,stabilityRatio
ss1,0.38236539902688294
ss2,0.33693623550298485
ss3,0.44608583953521674
ss4,0.4456455258401517
