subscapLine,lineOfAction
ss1,181.30260066161344
ss2,172.65726926181924
ss3,151.9104768370878
ss4,156.7980328135781
