subscapLine,momentArm
ss1,10.442970181443815
ss2,12.601474742156102
ss3,5.677805802397022
ss4,-3.770023198216771
