subscapLine,stabilityRatio
ss1,0.022738588114057576
ss2,-0.12877223070089508
ss3,-0.5337153083871757
ss4,-0.4286429929915139
