subscapLine,lineOfAction
ss1,167.25170185008815
ss2,139.9924877432268
ss3,126.57312998979766
ss4,137.57214554621325
