subscapLine,momentArm
ss1,21.198858694712406
ss2,25.12473515732435
ss3,19.296135287282958
ss4,3.463645140669044
