subscapLine,stabilityRatio
ss1,-0.2260648503315663
ss2,-0.8391695653431145
ss3,-1.3478302166910259
ss4,-0.9140388981552032
