subscapLine,lineOfAction
ss1,153.67170689482919
ss2,186.25285860419737
ss3,186.255551539708
ss4,178.2841053079107
