subscapLine,momentArm
ss1,-4.03441712535997
ss2,18.806207463681364
ss3,16.47772364738231
ss4,9.35309562216616
