subscapLine,stabilityRatio
ss1,0.4948453608247467
ss2,-0.10957068378645901
ss3,-0.10961917821972571
ss4,0.029956361132387678
