subscapLine,lineOfAction
ss1,177.59353246562438
ss2,190.92032422767187
ss3,162.13308425810797
ss4,202.95285704895466
