subscapLine,momentArm
ss1,13.198894202075946
ss2,20.349782235451602
ss3,10.201150711959547
ss4,28.50930825512525
