subscapLine,stabilityRatio
ss1,0.042025223956419167
ss2,-0.19293785734522714
ss3,0.32235368610293025
ss4,-0.4235039007799341
