subscapLine,lineOfAction
ss1,214.2359787989867
ss2,217.32444698567545
ss3,194.8198738306688
ss4,197.76253873595496
