subscapLine,lineOfAction
ss1,214.23597879898682
ss2,217.32444698567556
ss3,194.8198738306687
ss4,197.76253873595456
