subscapLine,momentArm
ss1,26.010561414667052
ss2,29.154882013414817
ss3,12.314184879869213
ss4,13.046506998246539
