subscapLine,momentArm
ss1,27.86899329336065
ss2,31.237972850613215
ss3,13.194022626392035
ss4,13.978668520045648
