subscapLine,stabilityRatio
ss1,-0.6805398140471944
ss2,-0.7624767441162992
ss3,-0.2645853995645647
ss4,-0.32034380663923034
