subscapLine,stabilityRatio
ss1,-0.680539803313585
ss2,-0.7624767413258915
ss3,-0.2645853976411061
ss4,-0.32034380663923145
