subscapLine,lineOfAction
ss1,165.4873036515107
ss2,150.2297043362792
ss3,153.44896337924695
ss4,144.13110450757154
