subscapLine,momentArm
ss1,19.35998059695592
ss2,10.446700877630942
ss3,7.0486719807164615
ss4,3.587035414045428
