subscapLine,stabilityRatio
ss1,-0.2563689998884806
ss2,-0.571976063667298
ss3,-0.4998979803750461
ss4,-0.7230572811797383
