subscapLine,lineOfAction
ss1,167.92352976999862
ss2,161.69403460990648
ss3,154.70881265544617
ss4,139.87344814614627
