subscapLine,momentArm
ss1,11.392148001493549
ss2,5.570845301253402
ss3,2.1784539671459675
ss4,-6.603386306835442
