subscapLine,stabilityRatio
ss1,-0.21294040899856187
ss2,-0.3296774765377078
ss3,-0.4722159361262515
ss4,-0.8429298437756675
