subscapLine,lineOfAction
ss1,165.4502184990735
ss2,144.95768309552994
ss3,128.43646483600298
ss4,139.09878643692545
