subscapLine,momentArm
ss1,21.437846187280922
ss2,24.531761232497487
ss3,19.243334556444722
ss4,1.0738575311185672
