subscapLine,stabilityRatio
ss1,-0.25930773903514986
ss2,-0.7012740064293409
ss3,-1.260043939815238
ss4,-0.8662677420926863
