subscapLine,lineOfAction
ss1,164.76676128885953
ss2,164.7517922522177
ss3,150.7115925175244
ss4,147.8511980027985
