subscapLine,momentArm
ss1,17.590167222849445
ss2,14.021894892901983
ss3,18.927065187372314
ss4,10.186186666175598
