subscapLine,stabilityRatio
ss1,-0.27178588430786327
ss2,-0.27232070992756885
ss3,-0.559295843665
ss4,-0.628985684601089
