subscapLine,lineOfAction
ss1,170.66801517158657
ss2,166.73821945258405
ss3,126.21572625094015
ss4,126.97363734474479
