subscapLine,momentArm
ss1,28.243265153479705
ss2,18.004846512950966
ss3,16.366513122792714
ss4,15.445274528305411
