subscapLine,momentArm
ss1,28.405500822964118
ss2,18.10827040222567
ss3,16.46052605646632
ss4,15.533995660223141
