subscapLine,stabilityRatio
ss1,-0.1643295429657324
ss2,-0.23568629519622122
ss3,-1.3655576553333622
ss4,-1.3283159978327512
