subscapLine,stabilityRatio
ss1,-0.16432954296573216
ss2,-0.23568629547537726
ss3,-1.3655576596316603
ss4,-1.3283159978327546
