subscapLine,lineOfAction
ss1,219.83414092627825
ss2,219.83414092627825
ss3,195.09228164578926
ss4,194.89819211214527
