subscapLine,momentArm
ss1,36.68419677243108
ss2,36.68419677243108
ss3,18.871896001212182
ss4,17.99485589245046
