subscapLine,stabilityRatio
ss1,-0.8341785984678436
ss2,-0.8341785984678436
ss3,-0.2696761950046631
ss4,-0.2660456394405945
