subscapLine,lineOfAction
ss1,183.08844541202632
ss2,179.0865249956321
ss3,172.95935206560037
ss4,166.59781950193533
