subscapLine,momentArm
ss1,15.44329045004457
ss2,9.34688036025246
ss3,10.221573385066089
ss4,12.772769412897507
