subscapLine,stabilityRatio
ss1,-0.05395690495833329
ss2,0.015943157455105397
ss3,0.12350332245932008
ss4,0.2382726595068831
