subscapLine,lineOfAction
ss1,215.9797515839345
ss2,210.655819477389
ss3,209.55120943340052
ss4,197.89831340577362
