subscapLine,momentArm
ss1,37.87504924707613
ss2,39.15892981718906
ss3,36.0535689409131
ss4,18.83651896948896
