subscapLine,stabilityRatio
ss1,-0.7265298159384312
ss2,-0.5927468299469231
ss3,-0.5669844703076062
ss4,-0.32295914954070537
