subscapLine,lineOfAction
ss1,199.40350791111257
ss2,181.742216810171
ss3,172.92388921761753
ss4,162.70113511819775
