subscapLine,momentArm
ss1,-18.868090619332335
ss2,-9.966847724777619
ss3,-23.20063526323516
ss4,-18.254181869195644
