subscapLine,momentArm
ss1,-18.38721243768587
ss2,-9.712829461491808
ss3,-22.60933646551816
ss4,-17.78894996196127
