subscapLine,stabilityRatio
ss1,0.3522244090522986
ss2,0.03040426478318798
ss3,-0.1241331921912316
ss4,-0.3114435826071147
