subscapLine,stabilityRatio
ss1,0.3522244090522996
ss2,0.03040426092014747
ss3,-0.12413319219122912
ss4,-0.3114435826071171
