subscapLine,lineOfAction
ss1,176.8647132548073
ss2,165.0434057651594
ss3,156.19549156471976
ss4,152.9213887758982
