subscapLine,momentArm
ss1,-0.11191503237939318
ss2,-1.9455403251348022
ss3,-16.451653590348418
ss4,-24.97953020650321
