subscapLine,stabilityRatio
ss1,-0.05491542337346326
ss2,-0.26734491249833714
ss3,-0.44115453497317814
ss4,-0.5112650050105926
