subscapLine,lineOfAction
ss1,190.7107769005832
ss2,196.19873409017578
ss3,187.1356017901069
ss4,184.39033404803666
