subscapLine,momentArm
ss1,27.998587627865774
ss2,30.28487291738502
ss3,13.922039699257372
ss4,6.838388809627437
