subscapLine,stabilityRatio
ss1,-0.18914677634308347
ss2,-0.2905027998498936
ss3,-0.12518764186858447
ss4,-0.07677262715270247
