subscapLine,lineOfAction
ss1,171.41689953953997
ss2,153.77791169360992
ss3,138.31724420810835
ss4,143.7011972939754
