subscapLine,lineOfAction
ss1,171.41689953954
ss2,153.77791169361
ss3,138.3172442081084
ss4,143.7011972939754
