subscapLine,momentArm
ss1,22.077208425448806
ss2,24.892112223472907
ss3,20.460984438613956
ss4,-0.434527379762606
