subscapLine,momentArm
ss1,22.305632920150746
ss2,25.14966145918861
ss3,20.672686477269668
ss4,-0.43902326960719235
