subscapLine,stabilityRatio
ss1,-0.1509340955450958
ss2,-0.4925399490726291
ss3,-0.890434924111454
ss4,-0.7345420939714762
