subscapLine,stabilityRatio
ss1,-0.15093409554511844
ss2,-0.49253994907266735
ss3,-0.8904349252620071
ss4,-0.7345420940846307
