subscapLine,lineOfAction
ss1,211.2669052492083
ss2,219.39476722527212
ss3,204.8865809455053
ss4,194.88930737333988
