subscapLine,lineOfAction
ss1,211.26690524920832
ss2,219.39476722527218
ss3,204.88658094550536
ss4,194.88930737333993
