subscapLine,momentArm
ss1,27.486702000850503
ss2,33.07792681733379
ss3,20.56822307489046
ss4,15.517955222948553
