subscapLine,momentArm
ss1,29.45060283421452
ss2,35.441315776857124
ss3,22.03780463605214
ss4,16.626699560247083
