subscapLine,stabilityRatio
ss1,-0.6072186662948562
ss2,-0.8212567543480835
ss3,-0.46391282479343277
ss4,-0.26587964185776214
