subscapLine,stabilityRatio
ss1,-0.6072186662948834
ss2,-0.8212567541638868
ss3,-0.46391282095747216
ss4,-0.26587964181659485
