subscapLine,lineOfAction
ss1,188.01550883856507
ss2,201.43125851212884
ss3,150.34850711106063
ss4,204.26309315164582
