subscapLine,momentArm
ss1,19.70668434664186
ss2,26.25104165013149
ss3,4.733457288883745
ss4,30.716785790793512
