subscapLine,stabilityRatio
ss1,-0.1408224244959499
ss2,-0.3926042517982957
ss3,0.5693200444729604
ss4,-0.4507060988654446
