subscapLine,lineOfAction
ss1,177.1119175608903
ss2,168.8103759840822
ss3,146.83845416401124
ss4,121.0095953127595
