subscapLine,momentArm
ss1,7.405510483603162
ss2,11.041931295369666
ss3,20.94265574132146
ss4,15.100190800884164
