subscapLine,stabilityRatio
ss1,-0.05039454194878339
ss2,-0.19780788631029306
ss3,-0.6530834389940144
ss4,-1.6636551189748257
