subscapLine,lineOfAction
ss1,183.10893213746306
ss2,161.75812237632744
ss3,152.28966099823938
ss4,142.04328118614524
