subscapLine,momentArm
ss1,8.839684243068387
ss2,10.427559836543661
ss3,2.8441624526434492
ss4,0.8589494921211153
