subscapLine,stabilityRatio
ss1,0.05431441787193189
ss2,-0.32959337770241587
ss3,-0.5252419474677074
ss4,-0.7800698434721658
