subscapLine,lineOfAction
ss1,181.3084197911343
ss2,180.20437830846697
ss3,157.32068281406697
ss4,147.77853727340997
