subscapLine,momentArm
ss1,-5.390407516372916
ss2,-20.331485780055026
ss3,-17.317252916670228
ss4,-17.174277755965008
