subscapLine,stabilityRatio
ss1,0.022820989823513008
ss2,0.003496095663486599
ss3,-0.4178292092474659
ss4,-0.6301908772834085
