subscapLine,lineOfAction
ss1,184.1340651776713
ss2,196.68001685217834
ss3,205.5384220694387
ss4,209.81753042016302
