subscapLine,momentArm
ss1,25.37419254143581
ss2,33.36476972707258
ss3,32.09851736380491
ss4,26.30012853897721
