subscapLine,stabilityRatio
ss1,-0.07225399031036078
ss2,-0.29960789039543095
ss3,-0.4777917246175338
ss4,-0.5731777849757221
