subscapLine,lineOfAction
ss1,197.54153255611084
ss2,183.20156490630714
ss3,172.76074733304787
ss4,160.55623291305358
