subscapLine,momentArm
ss1,-13.00359843711984
ss2,-8.493590601686892
ss3,-14.596394486217214
ss4,-14.010863681760734
