subscapLine,stabilityRatio
ss1,0.31611812706054915
ss2,0.05597875429436929
ss3,-0.12699857380723903
ss4,-0.35296688853244296
