subscapLine,lineOfAction
ss1,186.5057932058327
ss2,174.97234357275033
ss3,162.73969628818074
ss4,150.9051254652056
