subscapLine,momentArm
ss1,6.356660311613549
ss2,1.9667651419773593
ss3,-5.542794120722119
ss4,-4.784549576737528
