subscapLine,stabilityRatio
ss1,0.114046554005199
ss2,-0.08794519816091088
ss3,-0.3105821320523403
ss4,-0.5564681584662347
