subscapLine,lineOfAction
ss1,145.0544391506605
ss2,150.98010346497333
ss3,138.31767710926627
ss4,127.57712136448177
