subscapLine,momentArm
ss1,28.547470034095547
ss2,23.95455909849696
ss3,18.078211473813226
ss4,3.622710698086904
