subscapLine,stabilityRatio
ss1,-0.6987924908950265
ss2,-0.5547630975253716
ss3,-0.8904142150024958
ss4,-1.2995996306547726
