subscapLine,lineOfAction
ss1,174.07072022823937
ss2,163.15670270459827
ss3,172.51602586984075
ss4,169.3254905718798
