subscapLine,momentArm
ss1,15.04026348024465
ss2,16.145105068456235
ss3,8.189648486016235
ss4,8.583005379032882
