subscapLine,stabilityRatio
ss1,-0.10373504099587516
ss2,-0.3024962342894493
ss3,-0.13136469466236317
ss4,-0.1883835824807934
