subscapLine,lineOfAction
ss1,168.965566481446
ss2,145.88487735229631
ss3,147.64583282010148
ss4,131.54991986230624
