subscapLine,momentArm
ss1,21.991721523934164
ss2,26.21526656542897
ss3,17.745029098590702
ss4,1.687572545822213
