subscapLine,stabilityRatio
ss1,-0.194927316926424
ss2,-0.6774323166764834
ss3,-0.6335301897627623
ss4,-1.128317246082878
