subscapLine,lineOfAction
ss1,180.17376659589493
ss2,189.26562177917182
ss3,205.373341843693
ss4,236.7142504970698
