subscapLine,momentArm
ss1,23.309307473721013
ss2,25.28419528390021
ss3,27.878636259390344
ss4,25.626468966103857
