subscapLine,stabilityRatio
ss1,-0.003005858186384162
ss2,-0.16265608838823478
ss3,-0.47427286222932497
ss4,-1.5231808736869035
