subscapLine,lineOfAction
ss1,176.90590735014058
ss2,173.79624338380654
ss3,150.71038835070166
ss4,144.49169570282777
