subscapLine,momentArm
ss1,-3.0041445156667805
ss2,-16.242615075780936
ss3,-13.502748405399817
ss4,-15.503963344038148
