subscapLine,stabilityRatio
ss1,-0.05406460580804686
ss2,-0.1087608140563847
ss3,-0.5609219273468795
ss4,-0.7135112153868342
