subscapLine,lineOfAction
ss1,177.90800861387547
ss2,171.1500282756207
ss3,171.7532909987257
ss4,145.38940664072354
