subscapLine,momentArm
ss1,24.638948405982795
ss2,28.625147870392446
ss3,23.83073635234907
ss4,25.36999144123954
