subscapLine,stabilityRatio
ss1,0.03652837148545093
ss2,0.1557013731458636
ss3,0.1449344536814776
ss4,0.6901267040238777
