subscapLine,lineOfAction
ss1,159.76044126642975
ss2,125.22186513079669
ss3,139.978785750447
ss4,142.73770206309098
