subscapLine,momentArm
ss1,26.32503582006451
ss2,10.694058396780923
ss3,-1.1614371198477536
ss4,-4.5840477961656045
