subscapLine,stabilityRatio
ss1,-0.3687404864894967
ss2,-1.4166076873633582
ss3,-0.8397311822535769
ss4,-0.7607578642734695
