subscapLine,lineOfAction
ss1,178.33269172601038
ss2,164.81897054720542
ss3,155.05596195521773
ss4,145.2933792646392
