subscapLine,momentArm
ss1,3.084877709671942
ss2,-2.14696559351581
ss3,-1.0103097610650227
ss4,-1.5660070426258226
