subscapLine,momentArm
ss1,4.2110128364112525
ss2,-2.930715744511579
ss3,-1.3791235092585983
ss4,-2.1376781769119284
