subscapLine,momentArm
ss1,6.710112568722879
ss2,-4.670000618986625
ss3,-2.197588645012043
ss4,-3.406320939882427
