subscapLine,stabilityRatio
ss1,-0.02906838320576313
ss2,-0.27111699111347426
ss3,-0.4650712812548494
ss4,-0.6935027551724251
