subscapLine,lineOfAction
ss1,226.9498865439445
ss2,202.4070863696063
ss3,194.1217523462407
ss4,198.63096415159436
