subscapLine,momentArm
ss1,37.62787643161005
ss2,26.348118187194064
ss3,20.752385475816798
ss4,21.598767536410914
