subscapLine,stabilityRatio
ss1,-1.0704805017897354
ss2,-0.4123116365122819
ss3,-0.25158516165090095
ss4,-0.3371381280324071
