subscapLine,lineOfAction
ss1,193.34172500749563
ss2,199.05996833987066
ss3,201.94384765443098
ss4,196.0696372760695
