subscapLine,lineOfAction
ss1,193.3417250074953
ss2,199.05996833987052
ss3,201.94384765443078
ss4,196.06963727606927
