subscapLine,momentArm
ss1,16.82319160210868
ss2,19.258996238989074
ss3,19.518424550874794
ss4,12.205059782182008
