subscapLine,momentArm
ss1,16.62545231449923
ss2,19.03262657701019
ss3,19.28900557632827
ss4,12.061601876949613
