subscapLine,stabilityRatio
ss1,-0.23715904843192695
ss2,-0.3454987339143586
ss3,-0.40288655809497614
ss4,-0.28806060894030255
