subscapLine,stabilityRatio
ss1,-0.23715904843193047
ss2,-0.3454987339003991
ss3,-0.40288655805336204
ss4,-0.28806060857781857
