subscapLine,lineOfAction
ss1,188.34974895210235
ss2,183.89540971338639
ss3,164.8143568607539
ss4,160.06805277565033
