subscapLine,momentArm
ss1,10.727368276882514
ss2,5.438160096790707
ss3,0.15865157510864844
ss4,-7.24057468288576
