subscapLine,stabilityRatio
ss1,0.14677861811533263
ss2,0.06810305673928728
ss3,-0.27143746379581885
ss4,-0.3626267370869271
