subscapLine,lineOfAction
ss1,173.28035902269227
ss2,157.4486880067582
ss3,140.74792384767312
ss4,147.44605809923502
