subscapLine,lineOfAction
ss1,173.28035902269227
ss2,157.448688006758
ss3,140.74792384767312
ss4,147.44605809923502
