subscapLine,momentArm
ss1,24.51231575290456
ss2,24.608623525121537
ss3,18.147599678215165
ss4,-4.444978448965244
