subscapLine,momentArm
ss1,24.261293360494733
ss2,24.356614877164372
ss3,17.961756205340453
ss4,-4.399458917652209
