subscapLine,stabilityRatio
ss1,-0.11782054573103147
ss2,-0.41526316959594517
ss3,-0.817095189381638
ss4,-0.6383947442668524
