subscapLine,stabilityRatio
ss1,-0.11782054573103917
ss2,-0.41526316959592835
ss3,-0.8170951894173372
ss4,-0.6383947442723145
