subscapLine,lineOfAction
ss1,167.12712015794708
ss2,162.45285495244033
ss3,154.90846871428624
ss4,146.00776033110722
