subscapLine,momentArm
ss1,17.830648205223454
ss2,11.23862020072054
ss3,6.023321930772719
ss4,-11.748977654199589
