subscapLine,stabilityRatio
ss1,-0.22837007697487552
ss2,-0.31590577908527695
ss3,-0.46823659696106834
ss4,-0.6742793597803735
