subscapLine,lineOfAction
ss1,183.3651451364996
ss2,192.5572481492092
ss3,193.7825410735284
ss4,215.79689410294034
