subscapLine,momentArm
ss1,21.53283513327421
ss2,23.00897915735474
ss3,24.684645545080723
ss4,29.243636271815273
