subscapLine,stabilityRatio
ss1,-0.05879280335601178
ss2,-0.222740659381082
ss3,-0.24529675804370898
ss4,-0.7211431817269903
