subscapLine,lineOfAction
ss1,199.2522091703851
ss2,180.6662376651165
ss3,170.33214727751664
ss4,161.03483222626878
