subscapLine,lineOfAction
ss1,199.2522092
ss2,180.6662377
ss3,170.3321473
ss4,161.0348322
