subscapLine,momentArm
ss1,-18.022014389727968
ss2,-8.044744154890545
ss3,-19.556596221598806
ss4,-15.964246742025527
