subscapLine,stabilityRatio
ss1,0.34924458310070855
ss2,0.01162831742900749
ss3,-0.17035682870614874
ss4,-0.34365021570953047
