subscapLine,lineOfAction
ss1,194.01915547671615
ss2,199.8370342409751
ss3,193.2767619018321
ss4,220.5621660464149
