subscapLine,momentArm
ss1,23.100070287100827
ss2,31.037183948669227
ss3,24.844245041379757
ss4,31.05349777413128
