subscapLine,stabilityRatio
ss1,-0.24967154773316358
ss2,-0.36062394423551936
ss3,-0.2359401330005543
ss4,-0.8559644775264038
