subscapLine,lineOfAction
ss1,181.9313103882827
ss2,169.05117400973313
ss3,154.85467186061302
ss4,155.2214647776101
