subscapLine,lineOfAction
ss1,181.93131038828272
ss2,169.05117400973313
ss3,154.85467186061305
ss4,155.22146477761018
