subscapLine,momentArm
ss1,9.11826348660974
ss2,13.53989438685715
ss3,9.340482344464952
ss4,-1.2838184540645863
