subscapLine,momentArm
ss1,8.885872512150385
ss2,13.194812315554884
ss3,9.102427829245197
ss4,-1.2510986470523016
