subscapLine,stabilityRatio
ss1,0.03372049731800965
ss2,-0.19344253338179154
ss3,-0.4693993098764608
ss4,-0.4616178039947404
