subscapLine,stabilityRatio
ss1,0.033720497318002175
ss2,-0.19344252897719602
ss3,-0.46939930987646394
ss4,-0.46161780500631133
