subscapLine,lineOfAction
ss1,173.5412920822012
ss2,177.04970891078025
ss3,139.14477433265353
ss4,177.9253105179989
