subscapLine,lineOfAction
ss1,173.5412920822012
ss2,177.04970891078025
ss3,139.14477433265378
ss4,177.92531051799864
