subscapLine,momentArm
ss1,17.769617522592885
ss2,21.159554129917197
ss3,7.784251383142886
ss4,27.72486425801529
