subscapLine,momentArm
ss1,17.82471770581147
ss2,21.22516585779483
ss3,7.80838885694519
ss4,27.810833756142287
