subscapLine,stabilityRatio
ss1,0.11320562990948971
ss2,0.0515378515728195
ss3,0.8648564273421123
ss4,0.03622303009036417
