subscapLine,stabilityRatio
ss1,0.11320562990952455
ss2,0.051537851572959766
ss3,0.8648564269649173
ss4,0.036223029899090826
