subscapLine,lineOfAction
ss1,176.48146430196147
ss2,166.63618693808837
ss3,159.3353646720272
ss4,151.72673708563266
