subscapLine,lineOfAction
ss1,176.4814643019615
ss2,166.63618693808837
ss3,159.3353646720272
ss4,151.7267370856327
