subscapLine,momentArm
ss1,5.610784567995946
ss2,1.9258142349638403
ss3,-13.858019878442892
ss4,-14.879555453948122
