subscapLine,momentArm
ss1,5.287467667956489
ss2,1.8148407550601366
ss3,-13.059462747352825
ss4,-14.022133165668361
