subscapLine,stabilityRatio
ss1,-0.06150104770986248
ss2,-0.23757903242740613
ss3,-0.37716387916878474
ss4,-0.5378460679974648
