subscapLine,stabilityRatio
ss1,-0.06150105509052986
ss2,-0.23757903863113275
ss3,-0.37716387966634213
ss4,-0.5378460684276066
