subscapLine,lineOfAction
ss1,164.267438984776
ss2,150.76423126292192
ss3,148.82114490278283
ss4,133.62462684946885
