subscapLine,momentArm
ss1,21.747220136368316
ss2,14.312069222220952
ss3,15.798720894447941
ss4,18.569608232245045
