subscapLine,stabilityRatio
ss1,0.2816714498987593
ss2,0.5599343818569031
ss3,0.6051029576144235
ss4,1.0491662569731772
