subscapLine,lineOfAction
ss1,203.8396395208191
ss2,193.38427357061815
ss3,166.57658363656236
ss4,166.57658363656236
