subscapLine,momentArm
ss1,23.938630552619575
ss2,19.60772530285653
ss3,6.399283668132009
ss4,6.399283668132009
