subscapLine,stabilityRatio
ss1,-0.4420515488545542
ss2,-0.23797660906931914
ss3,0.238764817421893
ss4,0.238764817421893
