subscapLine,lineOfAction
ss1,165.19826350382672
ss2,153.05292533255482
ss3,135.98133844565683
ss4,122.86212124150428
