subscapLine,momentArm
ss1,22.093357176192576
ss2,21.86667882951053
ss3,18.815550765231514
ss4,2.7294604020763598
