subscapLine,stabilityRatio
ss1,-0.2640608837839585
ss2,-0.5077664461616269
ss3,-0.9664876669884143
ss4,-1.5480100471394127
