subscapLine,lineOfAction
ss1,161.28259916897298
ss2,151.1424740855577
ss3,135.91378724963022
ss4,139.4967027980661
