subscapLine,momentArm
ss1,23.86522066517502
ss2,22.60795069615099
ss3,20.273552626752743
ss4,8.23760679310041
