subscapLine,stabilityRatio
ss1,-0.33881363590448615
ss2,-0.5510151116154743
ss3,-0.9686092022421232
ss4,-0.8541796298178407
