subscapLine,lineOfAction
ss1,164.50206702308833
ss2,158.8216818348764
ss3,152.30295496969174
ss4,120.09956868937383
