subscapLine,momentArm
ss1,30.48307679628541
ss2,28.461120423535085
ss3,26.730142821574645
ss4,16.52887720792751
