subscapLine,stabilityRatio
ss1,-0.2772759352261785
ss2,-0.3871699145633361
ss3,-0.5248453761819825
ss4,-1.7251170902878794
