subscapLine,lineOfAction
ss1,156.49396769660495
ss2,147.83834741773003
ss3,142.9654139776012
ss4,148.17458828886717
