subscapLine,lineOfAction
ss1,156.49396769660495
ss2,147.83834741772998
ss3,142.96541397760117
ss4,148.17458828886717
