subscapLine,lineOfAction
ss1,156.4939677
ss2,147.8383474
ss3,142.965414
ss4,148.1745883
