subscapLine,momentArm
ss1,26.117718702871834
ss2,25.327224633160025
ss3,16.951325035818858
ss4,12.370561734972089
