subscapLine,momentArm
ss1,26.261532589939748
ss2,25.466685765450123
ss3,17.04466534521138
ss4,12.438678655464233
