subscapLine,stabilityRatio
ss1,-0.4349375693470617
ss2,-0.6287700474165147
ss3,-0.7545042662813752
ss4,-0.6206413572534264
