subscapLine,stabilityRatio
ss1,-0.43493756934706174
ss2,-0.6287700539886809
ss3,-0.7545042657011201
ss4,-0.6206413570909519
