subscapLine,lineOfAction
ss1,158.63412384920187
ss2,168.30925037324445
ss3,112.64697283029489
ss4,125.39436691484548
