subscapLine,momentArm
ss1,18.439685451935883
ss2,11.349776943512202
ss3,7.4202980140404255
ss4,2.235339061971818
