subscapLine,stabilityRatio
ss1,-0.39120883184604627
ss2,-0.2069216766174013
ss3,-2.3968053239333322
ss4,-1.4074297226034884
