subscapLine,lineOfAction
ss1,195.03106427860897
ss2,171.03379349474474
ss3,160.28528577282276
ss4,139.82057336111848
