subscapLine,momentArm
ss1,-3.144537392796317
ss2,10.382407368161859
ss3,7.060184838078441
ss4,-1.8695094310304292
