subscapLine,stabilityRatio
ss1,0.2685566144018482
ss2,-0.15776543429137616
ss3,-0.358296084372114
ss4,-0.8444550412989114
