subscapLine,lineOfAction
ss1,158.01257963874693
ss2,150.44499425423507
ss3,122.74136028734773
ss4,133.64247872441987
