subscapLine,lineOfAction
ss1,158.01257963874693
ss2,150.44499425423507
ss3,122.7413602873477
ss4,133.6424787244198
