subscapLine,momentArm
ss1,25.2595011762429
ss2,23.816249573482523
ss3,11.727631266505291
ss4,7.100849427045172
