subscapLine,momentArm
ss1,25.398589397954726
ss2,23.947390714311375
ss3,11.792207972370102
ss4,7.139949348795811
