subscapLine,stabilityRatio
ss1,-0.40373763355953174
ss2,-0.5670497211996931
ss3,-1.5552024965206706
ss4,-1.0485457204888569
