subscapLine,stabilityRatio
ss1,-0.4037376131602374
ss2,-0.5670497239242627
ss3,-1.5552024975958132
ss4,-1.0485457204888684
