subscapLine,lineOfAction
ss1,186.9979392152558
ss2,195.01239662667103
ss3,158.30795396344195
ss4,223.8578271172454
