subscapLine,momentArm
ss1,16.316899660429964
ss2,19.40938036137454
ss3,5.6073258998813005
ss4,28.37573491364012
