subscapLine,stabilityRatio
ss1,-0.12275917871766237
ss2,-0.2682401614315656
ss3,0.397797232331856
ss4,-0.9608059170767921
