subscapLine,lineOfAction
ss1,168.87978640309947
ss2,173.21110671734922
ss3,141.25556679896238
ss4,176.4518812982703
