subscapLine,momentArm
ss1,16.63571594018667
ss2,21.22017651741964
ss3,9.510288206736254
ss4,28.00724239811488
