subscapLine,stabilityRatio
ss1,0.19655859864807784
ss2,0.11904618013069126
ss3,0.8024251209390421
ss4,0.06200563511886331
