subscapLine,lineOfAction
ss1,179.86654250743376
ss2,190.65546659325383
ss3,163.6285772653222
ss4,174.02446973777293
