subscapLine,momentArm
ss1,15.003444374567758
ss2,22.37308333771878
ss3,10.23750002855448
ss4,12.83712996217551
