subscapLine,stabilityRatio
ss1,0.00231563356642939
ss2,-0.18821006789979602
ss3,0.29377837405961776
ss4,0.10467317508180277
