subscapLine,lineOfAction
ss1,198.55354904781242
ss2,208.21119001805337
ss3,198.0841227541278
ss4,198.70525374200372
