subscapLine,momentArm
ss1,27.118657739813095
ss2,29.444830514422588
ss3,16.075272883356188
ss4,15.887947187204125
