subscapLine,stabilityRatio
ss1,-0.3356120418186117
ss2,-0.5364328648111237
ss3,-0.3265426626693431
ss4,-0.3385751494457699
