subscapLine,lineOfAction
ss1,158.5632205759659
ss2,155.09841252485137
ss3,114.65427705808665
ss4,141.8463101290968
