subscapLine,momentArm
ss1,19.897441047978717
ss2,8.128081313729082
ss3,10.338667699884658
ss4,-0.5218592619299076
