subscapLine,stabilityRatio
ss1,-0.3926795644483655
ss2,-0.46421825018769575
ss3,-2.178734072660345
ss4,-0.7855895972567032
