subscapLine,lineOfAction
ss1,205.59824189702064
ss2,197.0849711289215
ss3,200.63820441637924
ss4,187.94794308466524
