subscapLine,momentArm
ss1,40.847377145499244
ss2,36.23087399130917
ss3,31.533839986116348
ss4,9.845069528978204
