subscapLine,stabilityRatio
ss1,-0.47905909201317093
ss2,-0.30734226263222475
ss3,-0.376648944161388
ss4,-0.1396123607579449
