subscapLine,lineOfAction
ss1,176.57274573508855
ss2,188.44932254991375
ss3,222.84693940888482
ss4,216.32656457525957
