subscapLine,lineOfAction
ss1,179.55982310087225
ss2,191.43661945194165
ss3,225.83371946685244
ss4,219.3138759293024
