subscapLine,momentArm
ss1,23.850370811923835
ss2,26.623853242601072
ss3,24.220341735187333
ss4,24.551406687850225
