subscapLine,momentArm
ss1,23.794834640816376
ss2,26.5618589498968
ss3,24.163944077746606
ss4,24.494238137579213
