subscapLine,stabilityRatio
ss1,0.0076862102904125445
ss2,-0.2023003166948828
ss3,-1.0295418527346394
ss4,-0.8188950202211545
