subscapLine,stabilityRatio
ss1,0.059894239793493675
ss2,-0.14854646326345616
ss3,-0.9275443865192907
ss4,-0.7352870893657841
