subscapLine,lineOfAction
ss1,184.65790476620552
ss2,190.9803338844605
ss3,172.3713065258925
ss4,201.98890524444136
