subscapLine,momentArm
ss1,21.477448645310865
ss2,22.99767073139521
ss3,21.488141522352798
ss4,31.21407071795523
