subscapLine,stabilityRatio
ss1,-0.08147534380968391
ss2,-0.19402412559957166
ss3,0.13393823288014195
ss4,-0.4038009941872131
