subscapLine,lineOfAction
ss1,204.95468624875156
ss2,199.1243672827376
ss3,190.2233576470282
ss4,184.3531922500511
