subscapLine,momentArm
ss1,35.33610197986115
ss2,32.79739255433877
ss3,31.59514844008262
ss4,27.62505680224695
