subscapLine,stabilityRatio
ss1,-0.46533774299415664
ss2,-0.34674950983694175
ss3,-0.18035523067409648
ss4,-0.07613389397507994
