subscapLine,lineOfAction
ss1,176.54222093667278
ss2,163.38123179043254
ss3,158.23649306564585
ss4,151.91390661224438
