subscapLine,momentArm
ss1,0.8865647884476928
ss2,0.08062800971605946
ss3,-18.198841878588087
ss4,-24.969851791794127
