subscapLine,stabilityRatio
ss1,-0.060443102045053446
ss2,-0.29848142108230313
ss3,-0.3992332458864794
ss4,-0.5336425865464303
