subscapLine,lineOfAction
ss1,172.43444796535243
ss2,174.48743065465928
ss3,159.13628528634496
ss4,146.06518278107578
