subscapLine,momentArm
ss1,7.11659627104371
ss2,-15.650211902191646
ss3,-17.043456335393884
ss4,-13.296541363516798
