subscapLine,stabilityRatio
ss1,-0.1328179063389581
ss2,-0.09653213529380532
ss3,-0.38112379675211167
ss4,-0.6728712978530407
