subscapLine,lineOfAction
ss1,159.83524158269032
ss2,170.45092438232172
ss3,116.59323541063986
ss4,132.51588347138028
