subscapLine,lineOfAction
ss1,159.83524158269032
ss2,170.45092438232166
ss3,116.59323541063983
ss4,132.51588347138025
