subscapLine,momentArm
ss1,18.297834480958524
ss2,9.912421275725952
ss3,12.56143332270236
ss4,7.355640646037998
