subscapLine,momentArm
ss1,18.194057736472217
ss2,9.856202666302906
ss3,12.490190758033359
ss4,7.313922898473309
