subscapLine,stabilityRatio
ss1,-0.36723017215551446
ss2,-0.16822210912770832
ss3,-1.9975428787913614
ss4,-1.0907013484002692
