subscapLine,stabilityRatio
ss1,-0.3672301721555362
ss2,-0.1682221085208025
ss3,-1.997542878791352
ss4,-1.0907013484031531
