subscapLine,lineOfAction
ss1,155.71542349112838
ss2,171.15082412277488
ss3,112.99057708035595
ss4,120.22306645841198
