subscapLine,momentArm
ss1,20.190253040070033
ss2,9.13735249183833
ss3,16.111093908316438
ss4,11.623735163061145
