subscapLine,stabilityRatio
ss1,-0.4511932824220049
ss2,-0.15568714628561175
ss3,-2.356930009373856
ss4,-1.7165820631463582
