subscapLine,lineOfAction
ss1,189.87580867569446
ss2,186.9328771534199
ss3,166.64195277122465
ss4,156.84624230624397
