subscapLine,momentArm
ss1,4.016045931782842
ss2,-11.987968519671329
ss3,-7.746962057982139
ss4,-7.589429004196736
