subscapLine,stabilityRatio
ss1,0.1742050071891277
ss2,0.1216331373689647
ss3,-0.23745539608457777
ss4,-0.42756073421553586
