subscapLine,lineOfAction
ss1,167.78864850012616
ss2,156.2204276357944
ss3,159.8706595642921
ss4,149.01338886778407
