subscapLine,momentArm
ss1,15.621601713014174
ss2,13.022421899588196
ss3,4.426338808424663
ss4,-11.355890756268618
