subscapLine,momentArm
ss1,15.528006935312499
ss2,12.944399766824871
ss3,4.399818980021843
ss4,-11.287853426264848
