subscapLine,stabilityRatio
ss1,-0.21640390992612601
ss2,-0.44060841520114186
ss3,-0.3665278727594372
ss4,-0.6005426150570549
