subscapLine,stabilityRatio
ss1,-0.21640391079694563
ss2,-0.44060841812995755
ss3,-0.36652787283375654
ss4,-0.6005426150574341
