subscapLine,lineOfAction
ss1,195.8983832598817
ss2,188.25298461047237
ss3,173.76075711670316
ss4,153.15631448901203
