subscapLine,momentArm
ss1,-1.2801884183773156
ss2,-9.26687954314072
ss3,-26.75094453211579
ss4,-11.58583857199769
