subscapLine,stabilityRatio
ss1,0.2848394139336775
ss2,0.14505946129205563
ss3,-0.10932781661599282
ss4,-0.5060803810721366
