subscapLine,lineOfAction
ss1,180.49260918751003
ss2,170.40435970740882
ss3,152.938983525511
ss4,143.81098632996287
