subscapLine,momentArm
ss1,4.835223909127499
ss2,4.3725096292246475
ss3,10.629005294504605
ss4,6.032772057265774
