subscapLine,stabilityRatio
ss1,0.008726152597450897
ss2,-0.1690023390077605
ss3,-0.5107608698967865
ss4,-0.7314447395579243
