subscapLine,lineOfAction
ss1,192.39628695601303
ss2,189.17181976852575
ss3,183.00119509706593
ss4,167.09044246156213
