subscapLine,momentArm
ss1,28.066232869860833
ss2,23.98764741121141
ss3,19.292944964653067
ss4,14.281221672635533
