subscapLine,stabilityRatio
ss1,-0.21976981302613213
ss2,-0.16145748277300742
ss3,-0.052428770488703924
ss4,0.22920590321528775
