subscapLine,lineOfAction
ss1,188.32274428799306
ss2,164.25843508988996
ss3,152.65982364670276
ss4,136.79297181983972
