subscapLine,momentArm
ss1,-1.3919471023261802
ss2,11.064083337118998
ss3,10.701461406983832
ss4,-1.7403508570671111
