subscapLine,stabilityRatio
ss1,0.1461680094017382
ss2,-0.2818926496329628
ss3,-0.5171068873225619
ss4,-0.9393081295332417
