subscapLine,lineOfAction
ss1,195.72381268811665
ss2,200.74506405818025
ss3,202.0215108491946
ss4,197.09184821745407
