subscapLine,lineOfAction
ss1,195.72381268811668
ss2,200.7450640581802
ss3,202.02151084919447
ss4,197.09184821745382
