subscapLine,momentArm
ss1,18.092931658894273
ss2,19.628984848983755
ss3,18.468678559569526
ss4,12.68157450957789
