subscapLine,momentArm
ss1,18.308124806685175
ss2,19.86244745842844
ss3,18.688340754159917
ss4,12.832406226024196
