subscapLine,stabilityRatio
ss1,-0.2815358227003774
ss2,-0.37876759776797414
ss3,-0.404459728202925
ss4,-0.3074826926629629
