subscapLine,stabilityRatio
ss1,-0.28153582270036576
ss2,-0.3787675977679459
ss3,-0.4044597270037802
ss4,-0.30748269165544256
