subscapLine,lineOfAction
ss1,190.0807514924292
ss2,182.46220500486027
ss3,178.9894114362645
ss4,174.39799771022288
