subscapLine,momentArm
ss1,22.621807126476217
ss2,21.317847557991605
ss3,19.749869690213142
ss4,15.717051637248714
