subscapLine,stabilityRatio
ss1,-0.17778054161965678
ss2,-0.043000057270005984
ss3,0.01763992713324923
ss4,0.09808613992750158
