subscapLine,lineOfAction
ss1,187.20125259570364
ss2,173.53763326360627
ss3,154.2277313859776
ss4,150.86075587844567
