subscapLine,momentArm
ss1,-1.1008463844968244
ss2,1.5856270176318892
ss3,7.9775452275862895
ss4,-0.5531901826270116
