subscapLine,stabilityRatio
ss1,0.12640392879703718
ss2,-0.11324702893435468
ss3,-0.4827081719498262
ss4,-0.5574277554928054
