subscapLine,lineOfAction
ss1,142.33812229680484
ss2,178.60711771966967
ss3,116.04224264537523
ss4,131.11244859177432
