subscapLine,momentArm
ss1,2.444207264900647
ss2,23.31364379991974
ss3,-6.548525462036527
ss4,8.768961042416857
