subscapLine,stabilityRatio
ss1,0.7718492734195608
ss2,0.02420261306738066
ss3,2.0464910027407885
ss4,1.145819092887721
