subscapLine,lineOfAction
ss1,190.291154005476
ss2,184.51556251375735
ss3,187.08812556689347
ss4,176.09302995744315
