subscapLine,lineOfAction
ss1,190.2911540054762
ss2,184.51556251375732
ss3,187.088125566893
ss4,176.09302995744315
