subscapLine,momentArm
ss1,24.28345728646037
ss2,23.79413836248577
ss3,21.969301736886074
ss4,16.04149021857892
