subscapLine,momentArm
ss1,24.251370001248677
ss2,23.762697645663728
ss3,21.94027229340878
ss4,16.02029357158628
