subscapLine,stabilityRatio
ss1,-0.1815711201938918
ss2,-0.07897501216379613
ss3,-0.12434612652564858
ss4,0.06829537728107622
