subscapLine,stabilityRatio
ss1,-0.18157112027368347
ss2,-0.07897501216377867
ss3,-0.12434612652561884
ss4,0.06829537728110975
