subscapLine,lineOfAction
ss1,160.5711081960261
ss2,144.33655868896
ss3,134.64443870199298
ss4,130.3045158032353
