subscapLine,momentArm
ss1,25.935779388729177
ss2,26.384282532705463
ss3,20.06942647770881
ss4,0.8142161754066156
