subscapLine,stabilityRatio
ss1,-0.3527219349482737
ss2,-0.7173943770839807
ss3,-1.0125038368015178
ss4,-1.178980337754442
