subscapLine,lineOfAction
ss1,186.2226258796566
ss2,188.10655590190993
ss3,164.7446613857689
ss4,194.86750862386376
