subscapLine,momentArm
ss1,28.547351668688343
ss2,27.775722334541552
ss3,23.328406697879295
ss4,31.046996057986984
