subscapLine,stabilityRatio
ss1,-0.10903433798603676
ss2,-0.14243781733041616
ss3,0.27273139638963495
ss4,-0.2654722883615494
