subscapLine,lineOfAction
ss1,179.133871336777
ss2,175.86371320931406
ss3,162.31467050481055
ss4,153.64163991676648
