subscapLine,lineOfAction
ss1,179.13387133677713
ss2,175.8637132093142
ss3,162.31467050481066
ss4,153.64163991676665
