subscapLine,momentArm
ss1,7.025155192273563
ss2,-1.1129228341078494
ss3,-10.961071099945752
ss4,-11.670118924168639
