subscapLine,momentArm
ss1,6.620336334672472
ss2,-1.0487915604247955
ss3,-10.329448287449866
ss4,-10.997637807146976
