subscapLine,momentArm
ss1,7.129476933065725
ss2,-1.1294494508506738
ss3,-11.123840175759355
ss4,-11.84341717710403
