subscapLine,stabilityRatio
ss1,-0.0151210212406936
ss2,-0.07231944583683318
ss3,-0.318859826087365
ss4,-0.4954991161168507
