subscapLine,stabilityRatio
ss1,-0.015121018921868103
ss2,-0.0723194443531145
ss3,-0.3188598260000122
ss4,-0.49549911608983616
