subscapLine,lineOfAction
ss1,214.48622495408443
ss2,220.4326933196812
ss3,199.61890543076473
ss4,180.75167166941935
