subscapLine,momentArm
ss1,30.937359562845526
ss2,35.0840613886588
ss3,27.75964229010273
ss4,1.7125153380129596
