subscapLine,stabilityRatio
ss1,-0.6862545943646085
ss2,-0.8519811442668358
ss3,-0.3562722002476478
ss4,-0.013103853547330289
