subscapLine,lineOfAction
ss1,177.06896418945564
ss2,189.5490336115114
ss3,228.27290587980684
ss4,217.23298768410785
