subscapLine,momentArm
ss1,22.536517666561885
ss2,24.964594469668885
ss3,26.86227668709917
ss4,25.356819697538796
