subscapLine,stabilityRatio
ss1,0.05120089673792721
ss2,-0.16819765649915527
ss3,-1.1213073789846715
ss4,-0.7599491647102501
