subscapLine,lineOfAction
ss1,186.34984874512034
ss2,168.0733003811935
ss3,157.70471941307355
ss4,150.39539104309537
