subscapLine,momentArm
ss1,9.114214924127442
ss2,14.650038509725805
ss3,11.58985765405682
ss4,6.330093048033945
