subscapLine,stabilityRatio
ss1,0.11129111258387359
ss2,-0.2111447685796111
ss3,-0.4099776575343775
ss4,-0.568172411796341
