subscapLine,lineOfAction
ss1,162.94729447525944
ss2,167.83292050925476
ss3,166.64468847461592
ss4,207.73977753336123
