subscapLine,momentArm
ss1,15.633038924035375
ss2,17.55521746534868
ss3,20.23418676006611
ss4,25.452182663229525
