subscapLine,stabilityRatio
ss1,0.3067366491017332
ss2,0.21560149211636231
ss3,0.23740781992594454
ss4,-0.5259056372607
