subscapLine,lineOfAction
ss1,171.58856692642044
ss2,183.87464093456524
ss3,180.515521219327
ss4,174.58894240787103
