subscapLine,momentArm
ss1,9.32367951035695
ss2,18.415392957066842
ss3,14.79692607808989
ss4,9.906518864414126
