subscapLine,stabilityRatio
ss1,0.147919044100357
ss2,-0.06772439495723054
ss3,-0.008983089215507542
ss4,0.09477018807053121
