subscapLine,lineOfAction
ss1,145.57851365761837
ss2,144.87686599363684
ss3,137.215865396295
ss4,127.22835485074557
