subscapLine,momentArm
ss1,28.702907158980015
ss2,27.334978794273805
ss3,19.268730450154855
ss4,3.9705289533653976
