subscapLine,stabilityRatio
ss1,-0.6852652553595953
ss2,-0.7034151443204198
ss3,-0.9254959384432948
ss4,-1.3160983811868683
