subscapLine,lineOfAction
ss1,172.6353972201783
ss2,163.5745890103181
ss3,160.32469076681144
ss4,150.42948264135583
