subscapLine,lineOfAction
ss1,172.6353972
ss2,163.574589
ss3,160.3246908
ss4,150.4294826
