subscapLine,momentArm
ss1,12.459045394491717
ss2,6.287886211282146
ss3,-12.207539877992492
ss4,-11.83931193200309
