subscapLine,stabilityRatio
ss1,-0.12949687081981467
ss2,-0.2948854191432663
ss3,-0.35773159028338175
ss4,-0.5675559607607855
