subscapLine,lineOfAction
ss1,209.51462439841416
ss2,211.1677825910186
ss3,170.85526730996935
ss4,182.79211998381436
