subscapLine,momentArm
ss1,-1.2054551888523712
ss2,3.2818971001221158
ss3,19.627826045983156
ss4,17.155154738049117
