subscapLine,stabilityRatio
ss1,-0.5661127761147395
ss2,-0.6047832335106496
ss3,0.16097650500945487
ss4,-0.04871476210132811
