subscapLine,lineOfAction
ss1,171.72861771820828
ss2,165.76392020161106
ss3,146.7404844416945
ss4,155.6591371679592
