subscapLine,momentArm
ss1,21.283662099314316
ss2,18.614085893847964
ss3,2.7008306079146513
ss4,-2.6987274856033303
