subscapLine,stabilityRatio
ss1,-0.14537415694583067
ss2,-0.25370903869035416
ss3,-0.6558662492620156
ss4,-0.452376477439558
