subscapLine,lineOfAction
ss1,159.7136760531594
ss2,150.33341250941555
ss3,142.29103019030669
ss4,140.8726891873012
