subscapLine,momentArm
ss1,16.968237233942084
ss2,15.74496302088534
ss3,-0.02544004154490285
ss4,-3.8729691112068543
