subscapLine,momentArm
ss1,18.00580724025331
ss2,16.707732526975857
ss3,-0.02699564356190915
ss4,-4.109792567276828
