subscapLine,stabilityRatio
ss1,-0.3696400785767325
ss2,-0.569655751714583
ss3,-0.7731379315578139
ss4,-0.8133847682975363
