subscapLine,stabilityRatio
ss1,-0.3696400785118145
ss2,-0.5696557317099875
ss3,-0.7731379315578247
ss4,-0.8133847825667323
