subscapLine,lineOfAction
ss1,175.477092210944
ss2,166.61630767960906
ss3,139.95393637673303
ss4,112.63508239778508
