subscapLine,momentArm
ss1,8.149801261138181
ss2,12.399792015797255
ss3,23.917316752974866
ss4,15.074306182404499
