subscapLine,stabilityRatio
ss1,-0.07907529909512112
ss2,-0.23788525321910617
ss3,-0.8397268454858307
ss4,-2.3983843967083165
