subscapLine,lineOfAction
ss1,191.06649716502048
ss2,177.21838675957932
ss3,176.40312777638977
ss4,177.660268698257
