subscapLine,momentArm
ss1,26.84776480706775
ss2,21.115006251266326
ss3,21.04414567842061
ss4,19.070527327543896
