subscapLine,stabilityRatio
ss1,-0.19558502749067208
ss2,0.04858648734694774
ss3,0.06285986136441934
ss4,0.040858729087292184
