subscapLine,lineOfAction
ss1,169.98217849344832
ss2,184.8780707504945
ss3,174.30319519382135
ss4,196.7017497364579
