subscapLine,momentArm
ss1,10.020236393286039
ss2,17.08543677760543
ss3,16.080251738350178
ss4,30.193736836601502
