subscapLine,stabilityRatio
ss1,0.1766492014968777
ss2,-0.08534325024209342
ss3,0.0997565084598002
ss4,-0.3000452682255787
