subscapLine,lineOfAction
ss1,170.31727730464954
ss2,163.42670232405888
ss3,171.81543694235017
ss4,168.74574797985957
