subscapLine,momentArm
ss1,15.697115873113177
ss2,14.522254910743857
ss3,7.057436638301922
ss4,7.327697465606007
