subscapLine,stabilityRatio
ss1,-0.17059980114207526
ss2,-0.2976014121091593
ss3,-0.14381762767177106
ss4,-0.19898390046591952
