subscapLine,lineOfAction
ss1,175.6123866275992
ss2,132.81482617363116
ss3,143.3236812936812
ss4,147.63694102033097
