subscapLine,momentArm
ss1,8.862900908696867
ss2,12.467139890173971
ss3,5.797541479436871
ss4,-0.7951567258583688
