subscapLine,stabilityRatio
ss1,-0.07613949197127996
ss2,-1.0800792464435733
ss3,-0.7447416577620337
ss4,-0.6340427374470332
