subscapLine,lineOfAction
ss1,169.87065445959004
ss2,175.15487877042457
ss3,164.35558038843436
ss4,160.22939541396929
