subscapLine,momentArm
ss1,23.92249466817644
ss2,19.826599197305026
ss3,24.575532195134695
ss4,23.92663900730452
