subscapLine,stabilityRatio
ss1,0.17864807483830814
ss2,0.08473798643422198
ss3,0.28002722179235057
ss4,0.35951455850682756
