subscapLine,lineOfAction
ss1,144.61060662771055
ss2,148.03594622491974
ss3,135.43443828838568
ss4,122.60488213309398
