subscapLine,lineOfAction
ss1,144.6106066277105
ss2,148.03594622491974
ss3,135.4344382883857
ss4,122.60488213309398
