subscapLine,momentArm
ss1,28.252238535437776
ss2,25.036693093245184
ss3,17.818851540056695
ss4,4.39461190969513
