subscapLine,momentArm
ss1,28.08296895387521
ss2,24.88668903044189
ss3,17.712092228212185
ss4,4.368282168844453
