subscapLine,stabilityRatio
ss1,-0.7103850639203979
ss2,-0.6241139948693549
ss3,-0.9848428796684691
ss4,-1.563296566184307
