subscapLine,stabilityRatio
ss1,-0.710385063250877
ss2,-0.6241138892600294
ss3,-0.9848429204749742
ss4,-1.5632965774887202
