subscapLine,lineOfAction
ss1,150.26602070448774
ss2,150.4647022631715
ss3,132.94418763614806
ss4,143.9570662764226
