subscapLine,lineOfAction
ss1,150.2660207044877
ss2,150.46470226317143
ss3,132.94418763614794
ss4,143.9570662764226
