subscapLine,momentArm
ss1,27.17689713393224
ss2,25.09267287116582
ss3,18.93282845138797
ss4,-2.702500589742713
