subscapLine,momentArm
ss1,27.340705384177618
ss2,25.243918497800493
ss3,19.046945728483053
ss4,-2.7187898626023563
