subscapLine,stabilityRatio
ss1,-0.5711795903931889
ss2,-0.5665863242208761
ss3,-1.0744502781989211
ss4,-0.7276859170408032
