subscapLine,stabilityRatio
ss1,-0.571179590946465
ss2,-0.5665863242208777
ss3,-1.0744502754314205
ss4,-0.7276859168468709
