subscapLine,lineOfAction
ss1,177.76051933423633
ss2,167.40033882657835
ss3,168.7273000170705
ss4,168.91450891132337
