subscapLine,lineOfAction
ss1,177.76051933423614
ss2,167.40033882657818
ss3,168.72730001707043
ss4,168.91450891132325
