subscapLine,momentArm
ss1,22.443621557221622
ss2,22.14231217197585
ss3,15.521453625072626
ss4,11.94980772499149
