subscapLine,momentArm
ss1,22.55241059385138
ss2,22.249640697535032
ss3,15.596689432389145
ss4,12.007731000297026
