subscapLine,stabilityRatio
ss1,0.03910622789346798
ss2,0.22352027379636588
ss3,0.19932426498681616
ss4,0.19592923761185388
