subscapLine,stabilityRatio
ss1,0.03910622789347317
ss2,0.2235202737963746
ss3,0.19932426498682196
ss4,0.19592923761185804
