subscapLine,lineOfAction
ss1,183.80149884046997
ss2,173.9096272778203
ss3,245.3859572544132
ss4,127.87777834331251
