subscapLine,momentArm
ss1,8.14042404552501
ss2,12.33016349646455
ss3,-18.045860672561403
ss4,10.457063125318307
