subscapLine,stabilityRatio
ss1,0.06647150077815557
ss2,-0.10669198810707407
ss3,2.1824661061920585
ss4,-1.2858565753352362
