subscapLine,lineOfAction
ss1,173.9393287460889
ss2,177.12918546725692
ss3,165.46867382395092
ss4,155.4507387852554
