subscapLine,momentArm
ss1,9.667389618243256
ss2,-14.718123019292399
ss3,-17.3986237798566
ss4,-16.729977651513995
