subscapLine,stabilityRatio
ss1,-0.1060459027762487
ss2,-0.05003380596367861
ss3,-0.2591990740057468
ss4,-0.45653340923263247
