subscapLine,lineOfAction
ss1,161.24205160254286
ss2,151.68429153033327
ss3,142.85414027220935
ss4,143.98886231259786
