subscapLine,lineOfAction
ss1,161.24205160254297
ss2,151.68429153033344
ss3,142.8541402722095
ss4,143.98886231259786
