subscapLine,momentArm
ss1,16.466691270338025
ss2,14.37381694799565
ss3,-5.412587066713071
ss4,-10.567425772404933
