subscapLine,momentArm
ss1,15.517811570732347
ss2,13.545537430035045
ss3,-5.100691136581403
ss4,-9.958486451936345
