subscapLine,stabilityRatio
ss1,-0.3396157637971943
ss2,-0.5388838306360515
ss3,-0.757553040865791
ss4,-0.726760883027196
