subscapLine,stabilityRatio
ss1,-0.3396157613157724
ss2,-0.5388837957037863
ss3,-0.7575530408658039
ss4,-0.7267608938556468
