subscapLine,lineOfAction
ss1,201.27760543601283
ss2,184.92073861663889
ss3,179.93299272833983
ss4,168.6051742614355
