subscapLine,momentArm
ss1,2.106807204725501
ss2,2.222992181602058
ss3,-20.723095764384563
ss4,-17.438111739464897
