subscapLine,stabilityRatio
ss1,0.3894335034682431
ss2,0.08609487051893612
ss3,-0.0011694980464345905
ss4,-0.2015413915519752
