subscapLine,lineOfAction
ss1,159.14121581787668
ss2,171.527238065009
ss3,118.22850070488954
ss4,130.148330585693
