subscapLine,lineOfAction
ss1,159.14121581787666
ss2,171.52723806500902
ss3,118.22850070488948
ss4,130.14833058569312
