subscapLine,momentArm
ss1,18.724362526102148
ss2,9.350712191732029
ss3,9.507797762673478
ss4,4.6495940579884785
