subscapLine,momentArm
ss1,18.61816671437573
ss2,9.297679333067942
ss3,9.453873988246972
ss4,4.623223738865533
