subscapLine,stabilityRatio
ss1,-0.3810388465752809
ss2,-0.1489659706459543
ss3,-1.8627665889958889
ss4,-1.1854997503560447
