subscapLine,stabilityRatio
ss1,-0.38103884657528153
ss2,-0.1489659701546774
ss3,-1.8627665889958913
ss4,-1.1854997508124663
