subscapLine,lineOfAction
ss1,199.68353463501396
ss2,161.71585729861155
ss3,153.22888712734954
ss4,140.60394742807736
