subscapLine,momentArm
ss1,-23.057720415083704
ss2,10.697826542287698
ss3,4.647359620432235
ss4,-9.14476005394149
