subscapLine,stabilityRatio
ss1,0.3577552739743217
ss2,-0.330334684428145
ss3,-0.5044670438856103
ss4,-0.8207029459331595
