subscapLine,lineOfAction
ss1,182.25834896551567
ss2,188.93297998670278
ss3,195.77820823843564
ss4,197.18277319366493
