subscapLine,lineOfAction
ss1,182.2583489655157
ss2,188.93297998670278
ss3,195.7782082384355
ss4,197.18277319366493
