subscapLine,momentArm
ss1,23.643535674840155
ss2,23.902932103839813
ss3,27.235847003940293
ss4,28.72110717123457
