subscapLine,momentArm
ss1,23.6987187203475
ss2,23.958720570005923
ss3,27.299414357204025
ss4,28.78814106099818
