subscapLine,stabilityRatio
ss1,-0.03943604972670665
ss2,-0.15718443711704305
ss3,-0.2825607286725137
ss4,-0.3092450083571298
