subscapLine,stabilityRatio
ss1,-0.03943604972669689
ss2,-0.15718443778671465
ss3,-0.28256072867251786
ss4,-0.3092450041536657
