subscapLine,lineOfAction
ss1,176.3498490167301
ss2,164.729528331801
ss3,156.01925074983072
ss4,149.67302817141749
