subscapLine,momentArm
ss1,14.906852747558023
ss2,17.917894832795046
ss3,17.791063642343488
ss4,-8.462396026294092
