subscapLine,stabilityRatio
ss1,-0.0637666258857889
ss2,-0.2729299528506171
ss3,-0.4447099396877899
ss4,-0.5847405367248545
