subscapLine,lineOfAction
ss1,217.26933207494852
ss2,203.44264814893737
ss3,189.13653623148303
ss4,182.90766394530058
