subscapLine,momentArm
ss1,33.8925706064754
ss2,27.34522550176787
ss3,18.602339571410067
ss4,12.502970914780114
