subscapLine,stabilityRatio
ss1,-0.7609212714364382
ss2,-0.4336201056836934
ss3,-0.1609268763046608
ss4,-0.05077852670584106
