subscapLine,lineOfAction
ss1,183.88612451533476
ss2,194.59452640253173
ss3,216.89277778328565
ss4,227.45358642128343
