subscapLine,momentArm
ss1,26.00402176248926
ss2,27.98640565473851
ss3,28.01339438867662
ss4,25.642437879214704
