subscapLine,stabilityRatio
ss1,-0.06791676838267943
ss2,-0.2603741518476833
ss3,-0.7506245964817571
ss4,-1.0895373561207213
