subscapLine,lineOfAction
ss1,157.0257717233811
ss2,145.7280497936342
ss3,120.02606103468615
ss4,125.35617201895639
