subscapLine,lineOfAction
ss1,157.02577172338098
ss2,145.72804979363409
ss3,120.02606103468604
ss4,125.35617201895631
