subscapLine,momentArm
ss1,18.862608063406718
ss2,20.987306871699715
ss3,8.702774389532824
ss4,2.8458565530632343
