subscapLine,momentArm
ss1,20.016014636969132
ss2,22.27063405666895
ss3,9.234929707364545
ss4,3.019874358272642
