subscapLine,stabilityRatio
ss1,-0.4239514244512145
ss2,-0.6814551829133199
ss3,-1.7302309040718793
ss4,-1.4094178185315815
