subscapLine,stabilityRatio
ss1,-0.42395143157842624
ss2,-0.6814552011885459
ss3,-1.7302309039847896
ss4,-1.4094178184847483
