subscapLine,lineOfAction
ss1,163.72954658783186
ss2,167.96871891347126
ss3,153.39792342274814
ss4,117.48413362868317
