subscapLine,momentArm
ss1,18.166612419299224
ss2,13.05939873339545
ss3,10.462629899289242
ss4,-7.059605861415077
