subscapLine,stabilityRatio
ss1,-0.29044603428844834
ss2,-0.212730280005353
ss3,-0.5006653508660116
ss4,-1.9100437971194024
