subscapLine,lineOfAction
ss1,172.1134662564251
ss2,174.55561730594528
ss3,151.71250217732847
ss4,195.84837770191047
