subscapLine,momentArm
ss1,13.063940437983819
ss2,14.334324812103231
ss3,9.018460946295447
ss4,28.66625376817127
