subscapLine,stabilityRatio
ss1,0.13852191868225444
ss2,0.09530943437194181
ss3,0.5381630900894608
ss4,-0.283884261899652
