subscapLine,lineOfAction
ss1,192.1040256736735
ss2,192.1040256736735
ss3,172.78208852672253
ss4,155.39544086655377
