subscapLine,momentArm
ss1,24.474148246628253
ss2,24.474148246628253
ss3,8.834016970540425
ss4,-2.7599602542093855
