subscapLine,stabilityRatio
ss1,-0.21444628183092146
ss2,-0.21444628183092146
ss3,0.1267201205091813
ss4,0.45790022738506364
