subscapLine,lineOfAction
ss1,169.91164980097537
ss2,173.88199346227938
ss3,140.62737277572788
ss4,175.4554031602469
