subscapLine,momentArm
ss1,16.385690248668713
ss2,20.576037783009927
ss3,8.76410319108222
ss4,26.94053198767328
