subscapLine,momentArm
ss1,16.335038420697828
ss2,20.51243265498105
ss3,8.737011390833462
ss4,26.857252786676845
