subscapLine,stabilityRatio
ss1,0.17791861047453902
ss2,0.1071870439294532
ss3,0.8206064995327693
ss4,0.07948409570298416
