subscapLine,stabilityRatio
ss1,0.17791860918569308
ss2,0.10718704392940076
ss3,0.8206064998163517
ss4,0.07948409575305374
