subscapLine,lineOfAction
ss1,173.22003835816844
ss2,154.06575025179615
ss3,148.55372923262877
ss4,132.33954362495803
