subscapLine,momentArm
ss1,19.840178120105847
ss2,22.38947904518048
ss3,16.621892302775613
ss4,2.2311047401098283
