subscapLine,stabilityRatio
ss1,-0.11834195174885155
ss2,-0.48621430709071767
ss3,-0.6115531012918052
ss4,-1.0975293268181914
