subscapLine,lineOfAction
ss1,199.66864787315177
ss2,180.5785156337982
ss3,168.3294065887181
ss4,166.7771508779169
