subscapLine,lineOfAction
ss1,199.66864787315177
ss2,180.57851563379816
ss3,168.32940658871811
ss4,166.77715087791688
