subscapLine,momentArm
ss1,-18.508579371408533
ss2,-7.118668059672862
ss3,-16.26237284578196
ss4,-20.245310161228204
