subscapLine,momentArm
ss1,-18.03686380820982
ss2,-6.937239412686546
ss3,-15.847904819254618
ss4,-19.72933172262426
