subscapLine,stabilityRatio
ss1,0.35743460904769925
ss2,0.010096831857250833
ss3,-0.20655797915745633
ss4,-0.2349686529369027
