subscapLine,stabilityRatio
ss1,0.3574346090476987
ss2,0.010096831682528964
ss3,-0.2065579805399569
ss4,-0.2349686529369031
