subscapLine,lineOfAction
ss1,159.1360582292111
ss2,139.1376130070137
ss3,122.4047613688924
ss4,135.04374231650598
