subscapLine,momentArm
ss1,24.156267815386435
ss2,24.4865933561801
ss3,16.169260999764823
ss4,-3.205254961471124
