subscapLine,stabilityRatio
ss1,-0.3809640269381874
ss2,-0.8650117091920307
ss3,-1.5754657334343645
ss4,-0.9984845383305518
