subscapLine,lineOfAction
ss1,197.96276997696486
ss2,191.35155225745538
ss3,173.5389127724206
ss4,157.6705001108383
