subscapLine,momentArm
ss1,-1.2102527518446478
ss2,-8.328089739799138
ss3,-7.508946044358248
ss4,-8.652971660322587
