subscapLine,stabilityRatio
ss1,0.32420402105692575
ss2,0.2008066420167817
ss3,-0.1132178985205591
ss4,-0.41070750328135497
