subscapLine,lineOfAction
ss1,220.3148645658456
ss2,219.1893510913479
ss3,198.4866290279134
ss4,197.72988917334513
