subscapLine,momentArm
ss1,33.05535342637319
ss2,32.895241161054244
ss3,26.649701419872386
ss4,23.475856391864227
