subscapLine,stabilityRatio
ss1,-0.8485187439926356
ss2,-0.8152884101298002
ss3,-0.3343315631912178
ss4,-0.31972244715133813
