subscapLine,lineOfAction
ss1,164.316451919209
ss2,180.2923836491245
ss3,179.7791304134349
ss4,196.6450771488424
