subscapLine,lineOfAction
ss1,164.31645191920893
ss2,180.29238364912442
ss3,179.7791304134349
ss4,196.6450771488423
