subscapLine,momentArm
ss1,19.26847554256682
ss2,22.4447484387496
ss3,24.66138464273138
ss4,23.8876177919742
