subscapLine,momentArm
ss1,19.07128118489141
ss2,22.21504797584646
ss3,24.40899903530402
ss4,23.643150945778835
