subscapLine,stabilityRatio
ss1,0.280777520972236
ss2,-0.005103101653324644
ss3,0.003854920598001735
ss4,-0.2989698124325199
