subscapLine,stabilityRatio
ss1,0.28077752097229575
ss2,-0.005103101653194334
ss3,0.003854920598085191
ss4,-0.29896981243243426
