subscapLine,lineOfAction
ss1,185.92894169109277
ss2,177.6503699557125
ss3,179.09467076153712
ss4,175.82598755420526
