subscapLine,lineOfAction
ss1,185.92894169109277
ss2,177.65036995571253
ss3,179.09467076153712
ss4,175.82598755420526
