subscapLine,momentArm
ss1,26.905512339024856
ss2,32.230817429600705
ss3,23.931182415340086
ss4,21.533290322002486
