subscapLine,momentArm
ss1,26.90551234
ss2,32.23081743
ss3,23.93118242
ss4,21.53329032
