subscapLine,momentArm
ss1,27.035929115119966
ss2,32.38704709908675
ss3,24.04718197778754
ss4,21.637666788323934
