subscapLine,stabilityRatio
ss1,-0.1038504962152243
ss2,0.04103178438098762
ss3,0.015802291171433308
ss4,0.07297941037918206
