subscapLine,stabilityRatio
ss1,-0.10385049621522435
ss2,0.04103178438098728
ss3,0.015802291171411985
ss4,0.07297941037916791
