subscapLine,lineOfAction
ss1,190.83919079740312
ss2,194.93650356829286
ss3,201.2983141047623
ss4,202.6022691829989
