subscapLine,momentArm
ss1,14.675318854148083
ss2,13.346923133258331
ss3,21.478073851919053
ss4,23.831772531850543
