subscapLine,stabilityRatio
ss1,-0.19146919398525677
ss2,-0.26676115505343917
ss3,-0.38984933307010267
ss4,-0.41630142650183943
