subscapLine,lineOfAction
ss1,166.77280703174623
ss2,173.21917271250337
ss3,159.5066473329275
ss4,158.93401505862673
