subscapLine,momentArm
ss1,11.542495705416771
ss2,8.62732391307805
ss3,12.082687819233374
ss4,10.859413837262965
