subscapLine,momentArm
ss1,21.56937154703664
ss2,16.121812793959826
ss3,22.578824329784606
ss4,20.29290179670881
