subscapLine,stabilityRatio
ss1,0.23504342965587838
ss2,0.11888311527853396
ss3,0.37374373142931366
ss4,0.38517699448663073
