subscapLine,lineOfAction
ss1,172.57326462670486
ss2,163.99461909205587
ss3,164.11892145698448
ss4,161.0111336680006
