subscapLine,momentArm
ss1,17.953350884219034
ss2,18.961690912643743
ss3,18.244850215903735
ss4,18.73442367232135
