subscapLine,stabilityRatio
ss1,0.13034910239875766
ss2,0.2868409473506025
ss3,0.28449489624366614
ss4,0.3441026939969937
