subscapLine,lineOfAction
ss1,194.81995358230324
ss2,193.9479577553204
ss3,191.8180894006252
ss4,196.39465891962377
