subscapLine,lineOfAction
ss1,194.81995358230324
ss2,193.94795775532046
ss3,191.81808940062518
ss4,196.39465891962374
