subscapLine,momentArm
ss1,26.318561351546144
ss2,24.432006800957218
ss3,9.961978597786645
ss4,11.381232179176305
