subscapLine,momentArm
ss1,26.3533837629977
ss2,24.46433308893482
ss3,9.975159413902269
ss4,11.396290827119726
