subscapLine,stabilityRatio
ss1,-0.26456377748898635
ss2,-0.2483589283827049
ss3,-0.209224549505982
ss4,-0.29419998936717484
