subscapLine,stabilityRatio
ss1,-0.26456378358865246
ss2,-0.24835892953863806
ss3,-0.20922455483576166
ss4,-0.2941999972719271
