subscapLine,lineOfAction
ss1,164.22536948728998
ss2,151.88383545347057
ss3,152.12463629069515
ss4,132.0171403370274
