subscapLine,momentArm
ss1,22.780688110287784
ss2,22.027122376870114
ss3,15.257972765362755
ss4,-3.1893326012815253
