subscapLine,stabilityRatio
ss1,-0.2818937965752879
ss2,-0.5348120352808847
ss3,-0.5292800099241837
ss4,-1.1099830348068045
