subscapLine,lineOfAction
ss1,170.33640300160945
ss2,162.61270929806938
ss3,156.82410715514877
ss4,147.4395901481426
