subscapLine,momentArm
ss1,20.69683218065751
ss2,20.50120248631058
ss3,18.46391784941236
ss4,-1.8223664965512094
