subscapLine,stabilityRatio
ss1,-0.16985287022241446
ss2,-0.31310819567356435
ss3,-0.42809202532337937
ss4,-0.6385481821698132
