subscapLine,lineOfAction
ss1,159.27338657995116
ss2,139.33603580760592
ss3,117.12577938286823
ss4,132.81548099388925
