subscapLine,momentArm
ss1,26.659478434675204
ss2,26.05028974433128
ss3,15.534975682104049
ss4,-3.7249276333545396
