subscapLine,stabilityRatio
ss1,-0.3783554672098985
ss2,-0.8589798793050023
ss3,-1.9520056994063908
ss4,-1.079325604728794
