subscapLine,lineOfAction
ss1,173.55277606190552
ss2,159.05249902422048
ss3,120.49450007444673
ss4,120.49450007444673
