subscapLine,momentArm
ss1,20.92347580387124
ss2,16.138534785181857
ss3,16.95627938700094
ss4,16.95627938700094
