subscapLine,stabilityRatio
ss1,-0.11295841409320366
ss2,-0.3827678026838858
ss3,-1.6979335704859282
ss4,-1.6979335704859282
