subscapLine,lineOfAction
ss1,173.07846090349057
ss2,180.14228001700653
ss3,181.57559605066143
ss4,178.72939360947586
