subscapLine,momentArm
ss1,5.360108953137571
ss2,15.14139985142109
ss3,17.588915371001942
ss4,17.21213188874453
