subscapLine,stabilityRatio
ss1,0.1214294720524757
ss2,-0.0023924062353517617
ss3,-0.027413080708955668
ss4,0.022180585515584734
