subscapLine,lineOfAction
ss1,182.31622578428215
ss2,176.69173979227708
ss3,157.36696019008346
ss4,163.135688969779
