subscapLine,momentArm
ss1,23.86548793014089
ss2,22.748738683118848
ss3,18.719645132941476
ss4,14.876201612119752
