subscapLine,stabilityRatio
ss1,0.04044780239643018
ss2,-0.05780428554232478
ss3,-0.41693655820607384
ss4,-0.30314297052339606
