subscapLine,lineOfAction
ss1,164.22193163066038
ss2,145.68786593031433
ss3,139.7157326236009
ss4,148.1562673050763
