subscapLine,momentArm
ss1,14.775341247487052
ss2,21.304567669778603
ss3,14.706547764671159
ss4,-17.429093907631763
