subscapLine,stabilityRatio
ss1,-0.282811280948047
ss2,-0.6828122159303783
ss3,-0.8474717975537479
ss4,-0.6209882843709832
