subscapLine,lineOfAction
ss1,201.6450346373683
ss2,185.58259847720706
ss3,175.76281168153304
ss4,163.1329904773292
