subscapLine,lineOfAction
ss1,201.6450346373684
ss2,185.58259847720717
ss3,175.76281168153318
ss4,163.13299047732934
