subscapLine,momentArm
ss1,-18.540034691560482
ss2,-12.203531638337681
ss3,-22.289197710710845
ss4,-19.029155496416887
