subscapLine,momentArm
ss1,-18.06751744802947
ss2,-11.892508534712332
ss3,-21.721128101457232
ss4,-18.544172363888915
