subscapLine,stabilityRatio
ss1,0.39683750770889725
ss2,0.09774423264027325
ss3,-0.07408759621978699
ss4,-0.3031940758393263
