subscapLine,stabilityRatio
ss1,0.39683750770889864
ss2,0.0977442326402748
ss3,-0.07408759639303107
ss4,-0.3031940760306567
