subscapLine,lineOfAction
ss1,186.70321885994457
ss2,192.69077580006814
ss3,193.28859227847911
ss4,191.07035762448334
