subscapLine,momentArm
ss1,25.55113631217511
ss2,25.140876875090886
ss3,18.543898744579895
ss4,14.65001216119436
