subscapLine,stabilityRatio
ss1,-0.11744172825986852
ss2,-0.22516735641554703
ss3,-0.23617295587378404
ss4,-0.1956328232694916
