subscapLine,lineOfAction
ss1,165.6359741547062
ss2,152.78917637145804
ss3,145.02123272569636
ss4,138.7405545126232
