subscapLine,momentArm
ss1,18.77198142597255
ss2,19.20223240802238
ss3,10.806565109594663
ss4,4.890475305489484
