subscapLine,stabilityRatio
ss1,-0.2560835851742489
ss2,-0.5142002876492645
ss3,-0.6996653934813477
ss4,-0.8772878910947896
