subscapLine,lineOfAction
ss1,169.17074877781403
ss2,148.8331493243466
ss3,148.43532137447107
ss4,150.14844942527034
