subscapLine,momentArm
ss1,9.323956672965709
ss2,18.51713584286493
ss3,-0.13704894287165653
ss4,-21.576922013189403
