subscapLine,stabilityRatio
ss1,-0.19129550577832127
ss2,-0.6051243472754106
ss3,-0.6143588615739071
ss4,-0.5738967921268356
