subscapLine,lineOfAction
ss1,176.43934283529134
ss2,163.91379708922506
ss3,159.91810442582897
ss4,213.87197073324307
