subscapLine,lineOfAction
ss1,176.43934283529146
ss2,163.9137970892248
ss3,159.91810442582872
ss4,213.87197073324296
