subscapLine,momentArm
ss1,20.788866018315918
ss2,15.851433175336222
ss3,15.705179213743001
ss4,22.626015813465497
