subscapLine,momentArm
ss1,20.576111923046273
ss2,15.68920896738908
ss3,15.544451774751161
ss4,22.394460252921363
