subscapLine,stabilityRatio
ss1,0.06222531692949308
ss2,0.28837432075451236
ss3,0.36558977717499536
ss4,-0.6712622453356074
