subscapLine,stabilityRatio
ss1,0.062225316929492965
ss2,0.2883743207545043
ss3,0.3655897771743853
ss4,-0.6712622453357473
