subscapLine,lineOfAction
ss1,185.0292340905289
ss2,194.79308866112868
ss3,158.36732122806987
ss4,206.96350257515968
