subscapLine,momentArm
ss1,16.12405736721198
ss2,19.37399269170185
ss3,7.131636485036658
ss4,28.116556610862187
