subscapLine,stabilityRatio
ss1,-0.08806337908512313
ss2,-0.2641070324362348
ss3,0.39659707698110663
ss4,-0.5086916981680082
