subscapLine,lineOfAction
ss1,171.56450208406667
ss2,154.03632823758778
ss3,164.850538126763
ss4,161.13399118675446
