subscapLine,momentArm
ss1,19.482036337240423
ss2,24.966111962262097
ss3,14.040441040342872
ss4,12.6620646360033
