subscapLine,stabilityRatio
ss1,0.14829791598660436
ss2,0.48694788294102526
ss3,0.2707498009386784
ss4,0.3417057868709628
