subscapLine,lineOfAction
ss1,183.28529066066818
ss2,147.21258344393488
ss3,155.22384233068811
ss4,146.43239446062506
