subscapLine,lineOfAction
ss1,183.28529066066815
ss2,147.21258344393485
ss3,155.2238423306881
ss4,146.432394460625
