subscapLine,momentArm
ss1,25.37848582725076
ss2,23.5784399821158
ss3,12.649492400013385
ss4,-11.884665134885527
