subscapLine,momentArm
ss1,25.641067386009226
ss2,23.822397149842065
ss3,12.78037189591824
ss4,-12.007631253419252
