subscapLine,stabilityRatio
ss1,0.0574020610957993
ss2,-0.6441452299579942
ss3,-0.4615599949054289
ss4,-0.6635837500314119
