subscapLine,stabilityRatio
ss1,0.05740206109573702
ss2,-0.6441452299579972
ss3,-0.46155999490540944
ss4,-0.663583750031416
