subscapLine,lineOfAction
ss1,172.1913201706698
ss2,169.019097125034
ss3,160.38703586307045
ss4,151.65122017002003
