subscapLine,momentArm
ss1,6.189766355082362
ss2,-2.1730690085796858
ss3,-15.419374483131017
ss4,-15.344895464234034
