subscapLine,momentArm
ss1,6.568256815084913
ss2,-2.305947350263669
ss3,-16.36223497354038
ss4,-16.28320172811761
