subscapLine,stabilityRatio
ss1,-0.13715741661698339
ss2,-0.19407580250821121
ss3,-0.3563405569536855
ss4,-0.5395471391680808
