subscapLine,stabilityRatio
ss1,-0.13715740926006673
ss2,-0.19407578682822973
ss3,-0.3563405567962622
ss4,-0.5395471387294668
