subscapLine,lineOfAction
ss1,158.42429690561224
ss2,138.20017102922563
ss3,121.75253981735551
ss4,137.16522134592503
