subscapLine,momentArm
ss1,24.383793499524312
ss2,24.884768970511097
ss3,16.25659765973708
ss4,-1.2991326208035412
