subscapLine,stabilityRatio
ss1,-0.39541502939242135
ss2,-0.8940277934730171
ss3,-1.6158248351676021
ss4,-0.9271615962275939
