subscapLine,lineOfAction
ss1,194.3957352212457
ss2,186.45025979797867
ss3,158.87000098773663
ss4,193.00342793568245
