subscapLine,lineOfAction
ss1,194.3957352212456
ss2,186.4502597979786
ss3,158.8700009877366
ss4,193.0034279356823
