subscapLine,momentArm
ss1,31.053224388939515
ss2,28.49174149247
ss3,21.845094968714292
ss4,31.372840745075308
