subscapLine,momentArm
ss1,28.982453423761516
ss2,26.59178191690403
ss3,20.38836416916219
ss4,29.28075630011197
