subscapLine,stabilityRatio
ss1,-0.2566770204500931
ss2,-0.11305629527911229
ss3,0.3864702680852817
ss4,-0.23093001237467403
