subscapLine,stabilityRatio
ss1,-0.2566770204500955
ss2,-0.11305629527911432
ss3,0.38647026801988366
ss4,-0.23093001248530656
