subscapLine,lineOfAction
ss1,224.59991880359337
ss2,202.7526734114232
ss3,202.47180980558463
ss4,202.47180980558463
