subscapLine,momentArm
ss1,33.57239421755663
ss2,27.400264382317033
ss3,29.796510014479086
ss4,29.796510014479086
