subscapLine,stabilityRatio
ss1,-0.9861696684774528
ss2,-0.41941199293830356
ss3,-0.41363764362303
ss4,-0.41363764362303
