subscapLine,lineOfAction
ss1,163.68903794339047
ss2,142.58346855393395
ss3,120.97666335295209
ss4,140.8418248499878
