subscapLine,momentArm
ss1,15.696407070359973
ss2,15.145661699097776
ss3,11.220787081177958
ss4,0.4150040634188018
