subscapLine,stabilityRatio
ss1,-0.29269960701546405
ss2,-0.7653733722330326
ss3,-1.665815677570908
ss4,-0.8142565298993656
