subscapLine,lineOfAction
ss1,180.54334950486458
ss2,167.1771312940203
ss3,154.51114402338226
ss4,147.89786869862533
