subscapLine,momentArm
ss1,5.922556255958343
ss2,10.571797440532546
ss3,12.074441016494603
ss4,7.341339348730971
