subscapLine,momentArm
ss1,6.077448037010908
ss2,10.848280172603374
ss3,12.39022217473635
ss4,7.533336364528312
