subscapLine,stabilityRatio
ss1,0.009483522140747677
ss2,-0.22761338492469002
ss3,-0.47666776979483294
ss4,-0.627350654528533
