subscapLine,stabilityRatio
ss1,0.00948352214074772
ss2,-0.2276133846468836
ss3,-0.47666773838374443
ss4,-0.627350654528533
