subscapLine,lineOfAction
ss1,184.64153518943158
ss2,190.44194700716065
ss3,190.92031722481462
ss4,184.7771604128176
