subscapLine,momentArm
ss1,25.084963580458737
ss2,24.916804320518036
ss3,18.77548247340403
ss4,12.77118798974234
