subscapLine,stabilityRatio
ss1,-0.08107312907552998
ss2,-0.1842781216539752
ss3,-0.1929095576378543
ss4,-0.0834187750567034
