subscapLine,lineOfAction
ss1,193.96976401063932
ss2,214.7761962495223
ss3,193.96976401063932
ss4,214.80744892867847
