subscapLine,momentArm
ss1,30.566201288639487
ss2,37.35254764169542
ss3,30.566201288639487
ss4,34.49057559484654
