subscapLine,stabilityRatio
ss1,-0.24876623843633
ss2,-0.6944007571155271
ss3,-0.24876623843633
ss4,-0.6952075238765187
