subscapLine,lineOfAction
ss1,185.21470681857275
ss2,180.1049200594624
ss3,133.3805967675379
ss4,151.6927887302569
