subscapLine,momentArm
ss1,24.60311409073889
ss2,22.948249414777205
ss3,14.03696901315267
ss4,9.141171459833675
