subscapLine,stabilityRatio
ss1,0.09126594364316075
ss2,0.0018312025358610878
ss3,-1.0581879514439014
ss4,-0.5386068846488695
