subscapLine,lineOfAction
ss1,190.8010694746215
ss2,202.07154798722001
ss3,163.09873799672658
ss4,214.79919337174184
