subscapLine,momentArm
ss1,22.032532679204298
ss2,27.497431583571917
ss3,10.23038235114766
ss4,32.0475102897387
