subscapLine,stabilityRatio
ss1,-0.19079590089283768
ss2,-0.4055079892510166
ss3,0.30390035596090226
ss4,-0.6949378648301379
