subscapLine,lineOfAction
ss1,167.9886170016843
ss2,174.2910637200907
ss3,149.70371643014101
ss4,154.35566198824802
