subscapLine,lineOfAction
ss1,167.98861700168428
ss2,174.29106372009076
ss3,149.70371643014101
ss4,154.35566198824802
