subscapLine,momentArm
ss1,17.446545441812063
ss2,10.808067978816753
ss3,4.962942054113422
ss4,-3.938595721038578
