subscapLine,momentArm
ss1,17.347596809919658
ss2,10.746769680911797
ss3,4.9347945719626365
ss4,-3.916257851374146
