subscapLine,stabilityRatio
ss1,-0.2127642745254429
ss2,-0.10002162549437102
ss3,-0.5842559065582245
ss4,-0.4800713036459101
