subscapLine,stabilityRatio
ss1,-0.21276427451892094
ss2,-0.10002158677855506
ss3,-0.5842559080180156
ss4,-0.48007130367232315
