subscapLine,lineOfAction
ss1,160.59472610338446
ss2,147.7971552729136
ss3,129.7747447720758
ss4,140.5047047709305
