subscapLine,momentArm
ss1,25.03479502763206
ss2,25.498896533971287
ss3,14.956591479083144
ss4,10.00102372199557
