subscapLine,stabilityRatio
ss1,-0.3522590555624786
ss2,-0.6298029499787051
ss3,-1.201313618943828
ss4,-0.8242336116028519
