subscapLine,lineOfAction
ss1,169.98634049576086
ss2,166.9290743873526
ss3,134.03233457079102
ss4,121.62336617452848
