subscapLine,momentArm
ss1,24.783240807605132
ss2,14.682347536364727
ss3,16.08326992415645
ss4,13.702626629319576
