subscapLine,stabilityRatio
ss1,-0.17651592050724002
ss2,-0.232170116266158
ss3,-1.0343629354315225
ss4,-1.623994644207491
