subscapLine,lineOfAction
ss1,162.59504704025449
ss2,147.21406184257054
ss3,157.08218271457525
ss4,157.55567924077573
