subscapLine,momentArm
ss1,27.729764510276855
ss2,16.459723777185527
ss3,5.062866240126935
ss4,2.1244074646511764
