subscapLine,stabilityRatio
ss1,-0.313515890451353
ss2,-0.6441777230629309
ss3,-0.422805835621605
ss4,-0.4130849358005198
