subscapLine,lineOfAction
ss1,158.08664907300277
ss2,151.33346389549354
ss3,137.384261497997
ss4,126.06422061028984
