subscapLine,momentArm
ss1,14.9963455366623
ss2,8.310165367485753
ss3,7.834610763981045
ss4,-6.245299233033362
