subscapLine,stabilityRatio
ss1,-0.40241011089274636
ss2,-0.5467836514794779
ss3,-0.9203404490110957
ss4,-1.373966861367025
