subscapLine,lineOfAction
ss1,173.1649421434757
ss2,160.06206634208831
ss3,137.3372998792451
ss4,152.27298604161015
