subscapLine,lineOfAction
ss1,173.16494214347566
ss2,160.06206634208826
ss3,137.3372998792451
ss4,152.2729860416102
