subscapLine,momentArm
ss1,23.57821634143233
ss2,23.108358369203046
ss3,18.029877371986956
ss4,-2.0734634852761507
