subscapLine,momentArm
ss1,23.336759747349383
ss2,22.871713432797407
ss3,17.845239453709677
ss4,-2.0522298421599503
