subscapLine,stabilityRatio
ss1,-0.11986340121810525
ss2,-0.36274395084309674
ss3,-0.9215688338115412
ss4,-0.525613463483644
