subscapLine,stabilityRatio
ss1,-0.11986340121809284
ss2,-0.3627439508431045
ss3,-0.9215688338104991
ss4,-0.5256134634771378
