subscapLine,lineOfAction
ss1,174.04064454178172
ss2,163.4337548141886
ss3,140.91303615121785
ss4,127.33944010885898
