subscapLine,momentArm
ss1,18.692390683751015
ss2,11.127830211149016
ss3,2.7272041498928523
ss4,4.552852570306061
