subscapLine,stabilityRatio
ss1,-0.10438681794417819
ss2,-0.2974694649934863
ss3,-0.8122976737202017
ss4,-1.3108148324148992
