subscapLine,lineOfAction
ss1,170.96131952583139
ss2,153.86357758514674
ss3,136.73076810822312
ss4,140.5660756007603
