subscapLine,momentArm
ss1,22.38813931269515
ss2,25.713222681658937
ss3,22.108775594270078
ss4,4.82440241930624
