subscapLine,stabilityRatio
ss1,-0.15907655137169943
ss2,-0.4906834457094863
ss3,-0.941338961348707
ss4,-0.8224013294773963
