subscapLine,lineOfAction
ss1,148.77906954014128
ss2,164.1368329429084
ss3,174.85270308781298
ss4,206.39008627712388
