subscapLine,lineOfAction
ss1,148.77906954014142
ss2,164.13683294290843
ss3,174.85270308781267
ss4,206.390086277124
