subscapLine,momentArm
ss1,0.5190350880636794
ss2,9.08625337461005
ss3,15.921016296352155
ss4,22.416602500532424
