subscapLine,momentArm
ss1,0.5244018376705083
ss2,9.180203952996035
ss3,16.08563735938737
ss4,22.64838700879394
