subscapLine,stabilityRatio
ss1,0.606120928729595
ss2,0.2841626005981153
ss3,0.09007974581768403
ss4,-0.4961886527352075
