subscapLine,stabilityRatio
ss1,0.6061209287295997
ss2,0.28416260059811854
ss3,0.09007974581769204
ss4,-0.4961886527336844
