subscapLine,lineOfAction
ss1,175.48987756497593
ss2,166.8041412687702
ss3,181.65971764172582
ss4,158.2963438085819
