subscapLine,momentArm
ss1,18.65818748507104
ss2,23.79967627483611
ss3,13.131442504019875
ss4,24.1190172324562
