subscapLine,stabilityRatio
ss1,0.0788794731807568
ss2,0.23446094574029663
ss3,-0.028994108446627087
ss4,0.3981775184810072
