subscapLine,lineOfAction
ss1,206.24535201680325
ss2,186.0921491669421
ss3,173.7845992462251
ss4,162.7222964876762
