subscapLine,momentArm
ss1,-19.737657901094206
ss2,-10.946239442816708
ss3,-16.188715217227546
ss4,-15.090589108220929
