subscapLine,stabilityRatio
ss1,0.4936083406810717
ss2,0.10693964006738545
ss3,-0.10868819328627434
ss4,-0.3109430151852709
