subscapLine,lineOfAction
ss1,159.67754806628926
ss2,154.03175576331145
ss3,131.84376816600172
ss4,138.74536139354652
