subscapLine,momentArm
ss1,23.134746951253724
ss2,20.121965308786
ss3,19.48488164460205
ss4,2.495710433151538
