subscapLine,stabilityRatio
ss1,-0.37028084005284573
ss2,-0.4870342522391471
ss3,-1.1167983444620762
ss4,-0.8771474509801616
