subscapLine,lineOfAction
ss1,186.59991274196213
ss2,188.84058382808743
ss3,188.0740135744407
ss4,185.39296487195432
