subscapLine,momentArm
ss1,25.408034230753294
ss2,23.323229326250775
ss3,17.096202494691273
ss4,13.266300760948802
