subscapLine,stabilityRatio
ss1,-0.1153582040016887
ss2,-0.15550011273361372
ss3,-0.14181587797449974
ss4,-0.09440104895331317
