subscapLine,lineOfAction
ss1,166.86472152656302
ss2,170.95962206154985
ss3,156.98282729051473
ss4,159.3684548580551
