subscapLine,momentArm
ss1,22.048494928154916
ss2,18.753796572041683
ss3,24.623754462870817
ss4,13.06305119529508
