subscapLine,stabilityRatio
ss1,0.23335506695831598
ss2,0.1591002479676671
ss3,0.4248056820535848
ss4,0.37661628662229574
