subscapLine,lineOfAction
ss1,172.82753101637925
ss2,172.01932287110813
ss3,149.1732433259893
ss4,192.87664740460713
