subscapLine,lineOfAction
ss1,172.8275310163794
ss2,172.01932287110802
ss3,149.1732433259892
ss4,192.87664740460718
