subscapLine,momentArm
ss1,12.832575171684741
ss2,12.717406786936825
ss3,7.553691333419107
ss4,27.531935813079844
