subscapLine,momentArm
ss1,12.872366531415754
ss2,12.756841031547594
ss3,7.577113884631561
ss4,27.617307077021472
