subscapLine,stabilityRatio
ss1,0.1258412326947209
ss2,0.14019694204246835
ss3,0.5967439223747981
ss4,-0.22860180875165031
