subscapLine,stabilityRatio
ss1,0.12584123269470082
ss2,0.14019694204247077
ss3,0.5967439235890161
ss4,-0.22860180873654312
