subscapLine,lineOfAction
ss1,166.67872575881273
ss2,157.97148189347712
ss3,121.30495785738717
ss4,115.4536521221816
