subscapLine,momentArm
ss1,12.415915898396461
ss2,15.485000311607303
ss3,19.02819652800888
ss4,4.441586350058061
