subscapLine,stabilityRatio
ss1,-0.2364297706528454
ss2,-0.40457891311685906
ss3,-1.6443916874262547
ss4,-2.1009172138787475
