subscapLine,lineOfAction
ss1,204.14270477295486
ss2,184.2579095660088
ss3,174.48507622316671
ss4,161.04157406511322
