subscapLine,momentArm
ss1,-18.800881764886576
ss2,-9.727826255351044
ss3,-16.90788055818237
ss4,-14.331407924232542
