subscapLine,stabilityRatio
ss1,0.4482248591690673
ss2,0.07457079963719417
ss3,-0.09610980396014993
ss4,-0.34313336727766863
