subscapLine,lineOfAction
ss1,173.09546044831367
ss2,159.92758817534195
ss3,164.51081396737868
ss4,160.85217830308375
