subscapLine,momentArm
ss1,21.138598470336415
ss2,25.52693472388026
ss3,16.865359441206287
ss4,15.431419851859781
