subscapLine,stabilityRatio
ss1,0.1210939316123687
ss2,0.3654040305217869
ss3,0.2771232842073708
ss4,0.34721729687435593
