subscapLine,lineOfAction
ss1,182.87721389817128
ss2,196.86749313406776
ss3,194.81626072057108
ss4,190.00781038263258
