subscapLine,momentArm
ss1,26.089519617458148
ss2,35.21956040768209
ss3,24.646224664859673
ss4,18.488476371217345
