subscapLine,stabilityRatio
ss1,-0.05025667086043127
ss2,-0.3031608601261389
ss3,-0.2645150256409371
ss4,-0.17646752322912232
