subscapLine,lineOfAction
ss1,193.50458054329138
ss2,191.72944688927367
ss3,187.76589952443237
ss4,168.86257562122316
