subscapLine,momentArm
ss1,27.308442885764965
ss2,23.790655362915945
ss3,19.055401345159577
ss4,13.480101681036517
