subscapLine,stabilityRatio
ss1,-0.24012734594351973
ss2,-0.20760924843780854
ss3,-0.1363785137953947
ss4,0.19686839823221428
