subscapLine,lineOfAction
ss1,197.7600885540389
ss2,207.6523704887669
ss3,175.2376818297873
ss4,178.8678095993753
