subscapLine,momentArm
ss1,6.897591799651713
ss2,4.108912747515856
ss3,18.530161297918692
ss4,17.87347865342865
