subscapLine,stabilityRatio
ss1,-0.3202962085066277
ss2,-0.5240231166681569
ss3,0.0832594522715784
ss4,0.01960037384846356
