subscapLine,lineOfAction
ss1,186.5726839
ss2,186.9004383
ss3,158.283509
ss4,187.2286249
