subscapLine,lineOfAction
ss1,186.5726838983883
ss2,186.90043827752245
ss3,158.28350897501522
ss4,187.22862491529122
