subscapLine,momentArm
ss1,14.653303462346804
ss2,16.958017345090145
ss3,-2.328786455748868
ss4,20.146743240094047
