subscapLine,stabilityRatio
ss1,-0.11521938002907664
ss2,-0.12100822310570805
ss3,0.3982817735538629
ss4,-0.1268363601717594
