subscapLine,lineOfAction
ss1,173.11246318092066
ss2,171.60396877940255
ss3,164.33318273829127
ss4,167.71571505327643
