subscapLine,momentArm
ss1,23.48536450839725
ss2,22.573409686734312
ss3,21.987615102635168
ss4,18.653475497356997
