subscapLine,stabilityRatio
ss1,0.12079259356673679
ss2,0.14759637462856998
ss3,0.2804625181726611
ss4,0.21774795911115372
