subscapLine,lineOfAction
ss1,161.59157009571834
ss2,130.14703017921053
ss3,120.51751981127195
ss4,107.20015742447838
