subscapLine,momentArm
ss1,18.89485317023809
ss2,27.797297975439307
ss3,24.011028010107804
ss4,12.435820210248659
