subscapLine,stabilityRatio
ss1,-0.33242817114003526
ss2,-1.1855119903226088
ss3,-1.696485898322249
ss4,-3.230660300693295
