subscapLine,lineOfAction
ss1,175.4729361395373
ss2,149.88457522798274
ss3,134.4847432837645
ss4,129.01508628781616
