subscapLine,momentArm
ss1,15.69556124741693
ss2,23.41571746577048
ss3,19.28899311570604
ss4,0.25853390183801317
