subscapLine,stabilityRatio
ss1,-0.079151329646245
ss2,-0.5798313483852638
ss3,-1.0181512057768682
ss4,-1.2342465133281622
