subscapLine,lineOfAction
ss1,168.5362436122268
ss2,188.6321699115676
ss3,237.8032222732021
ss4,210.35667555409498
