subscapLine,momentArm
ss1,17.05801902122554
ss2,25.083972270392934
ss3,19.151044596628775
ss4,18.16713522553517
