subscapLine,stabilityRatio
ss1,0.20279362985626725
ss2,-0.15181014275422253
ss3,-1.5881711246056656
ss4,-0.5856805336354657
