subscapLine,lineOfAction
ss1,191.7622718425311
ss2,201.9234376724062
ss3,162.69810216326093
ss4,217.54279754398334
