subscapLine,momentArm
ss1,21.75276426130399
ss2,25.934051235284823
ss3,9.823439000580308
ss4,30.124233843359264
