subscapLine,stabilityRatio
ss1,-0.20846585719442873
ss2,-0.40248917361026754
ss3,0.3115408833902413
ss4,-0.7681069970227992
