subscapLine,lineOfAction
ss1,170.6640284318404
ss2,163.39623726682893
ss3,133.58423122991553
ss4,108.9548242288626
