subscapLine,momentArm
ss1,24.577232037046944
ss2,16.485159829151826
ss3,19.25405275096352
ss4,16.514180754155912
