subscapLine,stabilityRatio
ss1,-0.16439588515884554
ss2,-0.298174762938314
ss3,-1.0506845675464986
ss4,-2.911682861779464
