subscapLine,lineOfAction
ss1,195.09056556691806
ss2,188.9974336284203
ss3,176.47107707832456
ss4,153.02663627419022
