subscapLine,lineOfAction
ss1,195.0905655669181
ss2,188.9974336284203
ss3,176.4710770783246
ss4,153.02663627419025
