subscapLine,momentArm
ss1,-0.4936674692720064
ss2,-9.541256001554707
ss3,-27.93326885049236
ss4,-12.231234052190752
