subscapLine,momentArm
ss1,-0.49096403841046576
ss2,-9.489006000211706
ss3,-27.78030017061256
ss4,-12.164253143644775
