subscapLine,stabilityRatio
ss1,0.2696448794602174
ss2,0.15833932700227757
ss3,-0.061561047375516494
ss4,-0.5089399765450725
