subscapLine,stabilityRatio
ss1,0.2696448798290735
ss2,0.158339327430855
ss3,-0.061560978211628724
ss4,-0.5089399765297972
