subscapLine,lineOfAction
ss1,189.49253719366894
ss2,192.9527212159132
ss3,180.1840963210267
ss4,181.03521204140623
