subscapLine,lineOfAction
ss1,189.49253719366885
ss2,192.95272121591327
ss3,180.18409632102677
ss4,181.03521204140614
