subscapLine,momentArm
ss1,24.666372418033784
ss2,23.833101190949964
ss3,21.43305570566304
ss4,23.075382643870427
