subscapLine,momentArm
ss1,24.376444619241674
ss2,23.55296763707434
ss3,21.18113221416543
ss4,22.80415529098531
