subscapLine,stabilityRatio
ss1,-0.1672087139798205
ss2,-0.22999920434123777
ss3,-0.003213097999807395
ss4,-0.018069824904659634
