subscapLine,stabilityRatio
ss1,-0.16720871397977602
ss2,-0.22999920434128232
ss3,-0.0032130979998055277
ss4,-0.018069824904769556
