subscapLine,lineOfAction
ss1,146.0051051361164
ss2,147.48927982662508
ss3,136.07337905941847
ss4,127.26833068397747
