subscapLine,lineOfAction
ss1,146.0051051361163
ss2,147.48927982662497
ss3,136.07337905941841
ss4,127.26833068397741
