subscapLine,momentArm
ss1,27.918530882339876
ss2,25.665832226836624
ss3,18.723757132230542
ss4,2.9827238252608597
