subscapLine,momentArm
ss1,27.751260666411046
ss2,25.512058759433586
ss3,18.611576197219822
ss4,2.9648532266821146
