subscapLine,stabilityRatio
ss1,-0.6743963169555338
ss2,-0.6373463926866777
ss3,-0.9632263149049499
ss4,-1.3141920698443748
