subscapLine,stabilityRatio
ss1,-0.6743963312818222
ss2,-0.637346399022158
ss3,-0.9632263170573497
ss4,-1.314192069582037
