subscapLine,lineOfAction
ss1,192.30928926008528
ss2,170.06552423890085
ss3,163.1889974415863
ss4,131.66932572976452
