subscapLine,momentArm
ss1,2.170939493703416
ss2,13.140906523990752
ss3,6.314481410597228
ss4,1.2539576332895355
