subscapLine,stabilityRatio
ss1,0.2185700686431271
ss2,-0.17511580034269908
ss3,-0.30203690226337115
ss4,-1.1235880457182772
