subscapLine,lineOfAction
ss1,187.2765491323161
ss2,188.19972182695844
ss3,178.09298736715115
ss4,189.2781573375909
