subscapLine,momentArm
ss1,24.954227852430687
ss2,23.24154682694465
ss3,21.786120652593116
ss4,23.723578927826622
