subscapLine,stabilityRatio
ss1,-0.12768696470866578
ss2,-0.14409724548868805
ss3,0.03329594532580151
ss4,-0.16336492175160336
