subscapLine,lineOfAction
ss1,192.49993334117121
ss2,212.8374389038312
ss3,164.0651795583039
ss4,176.66041791735384
