subscapLine,momentArm
ss1,4.298050352718034
ss2,0.004138000083524305
ss3,18.050038288391665
ss4,17.031556531639673
