subscapLine,stabilityRatio
ss1,-0.22170500828700337
ss2,-0.643752826552841
ss3,0.2855371794634719
ss4,0.05854331446502155
