subscapLine,lineOfAction
ss1,154.55743868067634
ss2,140.43099486909574
ss3,136.35517968437892
ss4,121.1545744735281
