subscapLine,momentArm
ss1,32.979595594217585
ss2,36.50653067026653
ss3,32.08363187618649
ss4,14.554266398759468
