subscapLine,stabilityRatio
ss1,-0.47575758983457256
ss2,-0.8263901990150306
ss3,-0.9541067059502668
ss4,-1.6539466548522272
