subscapLine,lineOfAction
ss1,167.46843387874387
ss2,163.32924714135916
ss3,130.05119360957343
ss4,113.20889672431127
