subscapLine,momentArm
ss1,25.3313938520398
ss2,15.723642382270706
ss3,18.315577484321445
ss4,15.7487904237811
