subscapLine,stabilityRatio
ss1,-0.22226272828813057
ss2,-0.29943260069102234
ss3,-1.1895938171799496
ss4,-2.33217761517228
