subscapLine,lineOfAction
ss1,166.9262995388816
ss2,163.8092797373203
ss3,160.37426035687702
ss4,153.44492264822145
