subscapLine,momentArm
ss1,25.21934622625002
ss2,21.009762952620093
ss3,14.77784705698034
ss4,-3.2952412080952502
