subscapLine,stabilityRatio
ss1,-0.231868584538449
ss2,-0.29061339542634146
ss3,-0.35661061675000927
ss4,-0.4997816465125173
