subscapLine,lineOfAction
ss1,178.75014896392656
ss2,178.75014896392656
ss3,168.1358191494128
ss4,170.2480303298006
