subscapLine,momentArm
ss1,24.87378072982995
ss2,24.87378072982995
ss3,25.825211062008638
ss4,19.04109550358384
