subscapLine,stabilityRatio
ss1,0.021822461649644676
ss2,0.021822461649644676
ss3,0.21008578733950023
ss4,0.17197974051415502
