subscapLine,lineOfAction
ss1,182.6347384445968
ss2,174.55992923184377
ss3,133.20527481583184
ss4,149.23094355115467
