subscapLine,momentArm
ss1,23.931370311275614
ss2,24.77528847242798
ss3,18.479632513903542
ss4,13.78480706559467
