subscapLine,stabilityRatio
ss1,0.046017301536448466
ss2,-0.09523349398355245
ss3,-1.0646953978406086
ss4,-0.595387891641148
