subscapLine,lineOfAction
ss1,165.43272116393098
ss2,251.37284744364095
ss3,124.93205957327456
ss4,129.82643293550416
