subscapLine,momentArm
ss1,21.463771668626126
ss2,-33.03468355451045
ss3,15.294711013322468
ss4,7.051309154461801
