subscapLine,stabilityRatio
ss1,-0.2597493641649015
ss2,3.015878855698274
ss3,-1.431726193266597
ss4,-1.1992739827511343
