subscapLine,lineOfAction
ss1,181.3164456694754
ss2,175.18552493785924
ss3,157.29054183123975
ss4,122.3152184741113
