subscapLine,momentArm
ss1,10.38120282525812
ss2,11.179908977848934
ss3,15.370019711664252
ss4,10.750241194498333
