subscapLine,stabilityRatio
ss1,0.022983089632750257
ss2,-0.0840997982502042
ss3,-0.4184839690723497
ss4,-1.5811319670940418
