subscapLine,lineOfAction
ss1,163.26640587191864
ss2,143.95989594691102
ss3,139.3973620548061
ss4,148.66279810089497
