subscapLine,momentArm
ss1,18.221623559291256
ss2,24.99234701578378
ss3,16.683881445570837
ss4,-15.444406697565526
