subscapLine,stabilityRatio
ss1,-0.3007534598432327
ss2,-0.7276909383154831
ss3,-0.8571881993895415
ss4,-0.6088997013329941
