subscapLine,lineOfAction
ss1,174.4223806652476
ss2,168.8511858749634
ss3,135.27162450534428
ss4,124.91859423845527
