subscapLine,lineOfAction
ss1,174.42238066524752
ss2,168.85118587496328
ss3,135.2716245053442
ss4,124.91859423845513
