subscapLine,momentArm
ss1,26.60693003067714
ss2,15.055723520158168
ss3,11.916752333489168
ss4,12.790752067740625
