subscapLine,momentArm
ss1,26.45496674957353
ss2,14.969734000026563
ss3,11.84869078777125
ss4,12.717698744799701
