subscapLine,stabilityRatio
ss1,-0.09765650069534063
ss2,-0.1970771400212653
ss3,-0.9905601971184728
ss4,-1.4324754594255884
