subscapLine,stabilityRatio
ss1,-0.09765650069534194
ss2,-0.1970771400055712
ss3,-0.9905601977520532
ss4,-1.4324754594255862
