subscapLine,lineOfAction
ss1,149.90279832440064
ss2,200.05396175764125
ss3,192.50199557057985
ss4,223.20959820467067
