subscapLine,momentArm
ss1,-2.2176605017920656
ss2,30.911308833766817
ss3,24.479820537562514
ss4,28.633026342508344
