subscapLine,stabilityRatio
ss1,0.5796108993709138
ss2,-0.36502867919735443
ss3,-0.22157968890968946
ss4,-0.9394926439807444
