subscapLine,lineOfAction
ss1,163.37011736117492
ss2,159.58446843935124
ss3,150.33312383646597
ss4,144.8582657473297
