subscapLine,momentArm
ss1,23.252610536274613
ss2,19.92658890408245
ss3,15.351715879693792
ss4,-5.285327660666791
