subscapLine,stabilityRatio
ss1,-0.29787619754032907
ss2,-0.3718431845747843
ss3,-0.569675172343845
ss4,-0.7042159596089693
