subscapLine,lineOfAction
ss1,177.86947633446042
ss2,178.30225239058908
ss3,165.6657955967962
ss4,194.84979088994527
