subscapLine,lineOfAction
ss1,177.8694763344605
ss2,178.30225239058908
ss3,165.66579559679607
ss4,194.84979088994533
