subscapLine,momentArm
ss1,13.91539314632084
ss2,13.745736278933778
ss3,13.049559280013545
ss4,26.457341716045235
