subscapLine,momentArm
ss1,13.872377558384185
ss2,13.703245138263611
ss3,13.009220177924067
ss4,26.375556164089158
