subscapLine,stabilityRatio
ss1,0.037201800626146746
ss2,0.029639960917783197
ss3,0.2555326672184059
ss4,-0.265143941617532
