subscapLine,stabilityRatio
ss1,0.03720180062616157
ss2,0.029639960917783193
ss3,0.2555326672184011
ss4,-0.2651439412553484
