subscapLine,lineOfAction
ss1,190.9209969533173
ss2,180.6077459971378
ss3,170.50757434232384
ss4,157.78769881817755
