subscapLine,lineOfAction
ss1,190.92099695331729
ss2,180.60774599713787
ss3,170.50757434232384
ss4,157.78769881817757
