subscapLine,momentArm
ss1,7.896381777229224
ss2,-0.72665424499381
ss3,-10.907355786845097
ss4,-9.564647532897759
