subscapLine,momentArm
ss1,7.941740370761904
ss2,-0.7308283104667872
ss3,-10.970010092527115
ss4,-9.619589020273617
