subscapLine,stabilityRatio
ss1,0.19292066920445894
ss2,0.01060078032761141
ss3,-0.16720758920674375
ss4,-0.4083687856956836
