subscapLine,stabilityRatio
ss1,0.19292068083243816
ss2,0.010600783662363847
ss3,-0.16720758867189642
ss4,-0.40836876697525676
