subscapLine,lineOfAction
ss1,162.4809514326242
ss2,163.4506211678254
ss3,148.6938644725224
ss4,146.49776904850222
