subscapLine,momentArm
ss1,31.76283777720784
ss2,28.288567397539797
ss3,23.39831897327365
ss4,-0.6718648887816651
