subscapLine,stabilityRatio
ss1,-0.31530626020851515
ss2,-0.2970809779905339
ss3,-0.608183878721286
ss4,-0.6619683556230445
