subscapLine,lineOfAction
ss1,192.55093594311217
ss2,179.29721976081723
ss3,167.83476447585713
ss4,156.65306059803453
