subscapLine,momentArm
ss1,-3.0574665570846493
ss2,-9.006154218159615
ss3,-15.567750970775144
ss4,-15.831644006136901
