subscapLine,stabilityRatio
ss1,0.22263349143290226
ss2,-0.012254073542696078
ss3,-0.21556989674707575
ss4,-0.4316197382852771
