subscapLine,lineOfAction
ss1,195.3935923587595
ss2,214.639902217491
ss3,174.60037157976984
ss4,181.6428434612473
