subscapLine,momentArm
ss1,4.031349072322459
ss2,-0.5033292078638353
ss3,16.633273711229034
ss4,17.80619897015017
