subscapLine,stabilityRatio
ss1,-0.2753256715427775
ss2,-0.6856171730288334
ss3,0.09477558436621879
ss4,-0.028518879655186572
