subscapLine,lineOfAction
ss1,197.74092861666557
ss2,188.4733947691972
ss3,167.16056507445037
ss4,159.00839913814286
