subscapLine,lineOfAction
ss1,197.7409286166656
ss2,188.4733947691972
ss3,167.1605650744505
ss4,159.00839913814286
