subscapLine,momentArm
ss1,-1.041339071918415
ss2,-8.07388085775879
ss3,-12.880062820948515
ss4,-17.296167422895778
