subscapLine,momentArm
ss1,-1.0356364717684121
ss2,-8.029666523126924
ss3,-12.809528784383312
ss4,-17.201449833206546
