subscapLine,stabilityRatio
ss1,0.3199705119440316
ss2,0.14897823995796877
ss3,-0.22791833500991662
ss4,-0.38368595702837427
