subscapLine,stabilityRatio
ss1,0.31997053022569044
ss2,0.1489782411285868
ss3,-0.2279183350099135
ss4,-0.38368595217571666
