subscapLine,lineOfAction
ss1,181.9376113680998
ss2,191.2238985510125
ss3,189.45184728301732
ss4,188.0213869258794
