subscapLine,momentArm
ss1,14.981964095868753
ss2,17.9600367329366
ss3,16.83512747049802
ss4,15.976849348485352
