subscapLine,stabilityRatio
ss1,-0.03371870935219279
ss2,-0.1984406376333765
ss3,-0.16576972035966075
ss4,-0.1408879326479765
