subscapLine,lineOfAction
ss1,185.75129549131137
ss2,195.665947892079
ss3,171.58088426264501
ss4,230.65647805270893
