subscapLine,momentArm
ss1,17.58676258545167
ss2,22.273333672800252
ss3,14.852844779417797
ss4,24.755883407935656
