subscapLine,stabilityRatio
ss1,-0.10072601253389073
ss2,-0.28044694719756835
ss3,0.14801265111359493
ss4,-1.2198563171719252
