subscapLine,lineOfAction
ss1,193.6596945740186
ss2,176.69106094178053
ss3,161.85780693425306
ss4,161.05337348814794
