subscapLine,momentArm
ss1,6.565882211756248
ss2,3.986776154527305
ss3,-16.874555329219177
ss4,-19.554395068875827
