subscapLine,stabilityRatio
ss1,0.2430285845801427
ss2,-0.057816173315500666
ss3,-0.3276656572531604
ss4,-0.3432859588515067
