subscapLine,lineOfAction
ss1,185.55909893873067
ss2,189.72260068024798
ss3,203.44039352866508
ss4,200.24343403832006
