subscapLine,momentArm
ss1,29.79102848527433
ss2,30.066433956192764
ss3,29.31801542044993
ss4,20.907181277725144
