subscapLine,stabilityRatio
ss1,-0.09733251628108937
ss2,-0.171440518277175
ss3,-0.433573819752774
ss4,-0.36879775953071253
