subscapLine,lineOfAction
ss1,165.4552352536614
ss2,145.23502165015603
ss3,136.17904980672205
ss4,130.3883738118463
