subscapLine,momentArm
ss1,22.043594997804725
ss2,23.286713758291768
ss3,18.88039568813774
ss4,0.8034993229131386
