subscapLine,stabilityRatio
ss1,-0.25935417686522527
ss2,-0.6936057604236189
ss3,-0.9598890702231043
ss4,-1.1755304618865545
