subscapLine,lineOfAction
ss1,193.95635272475442
ss2,176.02866912557081
ss3,170.31744200991105
ss4,207.3604728151795
