subscapLine,lineOfAction
ss1,193.95635272475445
ss2,176.02866912557084
ss3,170.31744200991108
ss4,207.36047281517952
