subscapLine,momentArm
ss1,23.954222062928768
ss2,17.70265473660715
ss3,21.282537938365788
ss4,31.115100221576025
