subscapLine,momentArm
ss1,22.356845026648923
ss2,16.522160789312174
ss3,19.863321013383164
ss4,29.04020309300634
