subscapLine,stabilityRatio
ss1,-0.24851901150460962
ss2,0.06942401216733946
ss3,0.17061983153927807
ss4,-0.5174755465070577
