subscapLine,stabilityRatio
ss1,-0.24851901150455943
ss2,0.06942401216733893
ss3,0.17061983153937868
ss4,-0.5174755465538328
