subscapLine,lineOfAction
ss1,223.67547227458857
ss2,193.26184944865724
ss3,184.95573535339958
ss4,191.22342286013873
