subscapLine,momentArm
ss1,38.755116288673406
ss2,21.54153099046633
ss3,15.201246450273022
ss4,17.17130398983177
