subscapLine,stabilityRatio
ss1,-0.9546445061064247
ss2,-0.23563145813078648
ss3,-0.08670907425396582
ss4,-0.19842979888729395
