subscapLine,lineOfAction
ss1,195.9606707138703
ss2,200.97575325947173
ss3,162.92211564542743
ss4,161.3782495974691
