subscapLine,momentArm
ss1,5.634237773444197
ss2,6.864738806243563
ss3,23.853979694739397
ss4,21.085761176679277
