subscapLine,stabilityRatio
ss1,-0.2860285361742774
ss2,-0.3831808076885855
ss3,0.30734569283019825
ss4,0.337322767682374
