subscapLine,lineOfAction
ss1,147.17185020317567
ss2,145.07106354739733
ss3,157.69940148241676
ss4,188.84654199628142
