subscapLine,lineOfAction
ss1,147.1718502031757
ss2,145.0710635473974
ss3,157.69940148241673
ss4,188.84654199628147
