subscapLine,momentArm
ss1,5.86708021240162
ss2,6.158718249697796
ss3,14.033360627362667
ss4,27.465276781542077
