subscapLine,momentArm
ss1,5.848943757171473
ss2,6.139680276162913
ss3,13.989980375596435
ss4,27.380375477196665
