subscapLine,stabilityRatio
ss1,0.6451516010704071
ss2,0.6983607443174271
ss3,0.4101414744958075
ss4,-0.15564014679970234
