subscapLine,stabilityRatio
ss1,0.6451516010704077
ss2,0.6983607443174275
ss3,0.4101414744525943
ss4,-0.1556401468100169
