subscapLine,lineOfAction
ss1,200.34099733578552
ss2,181.9718222562322
ss3,179.20490004106207
ss4,166.0059822273453
