subscapLine,momentArm
ss1,2.99095357365522
ss2,4.823354619110738
ss3,-10.852004291400727
ss4,-8.39278329822315
