subscapLine,stabilityRatio
ss1,0.3707248965324119
ss2,0.03442838377999903
ss3,-0.013878003026009177
ss4,-0.2492171056024891
