subscapLine,lineOfAction
ss1,175.7979321485443
ss2,167.2588510219087
ss3,151.5113817844166
ss4,116.46784354113485
