subscapLine,momentArm
ss1,10.134967774352406
ss2,13.48747022850281
ss3,11.243028651377601
ss4,-7.245752477332624
