subscapLine,stabilityRatio
ss1,-0.07346614794811508
ss2,-0.2260634263551389
ss3,-0.5426810251214734
ss4,-2.008069542895161
