subscapLine,lineOfAction
ss1,171.99151316447242
ss2,167.9013800155269
ss3,122.65339840436687
ss4,115.01052068097944
