subscapLine,momentArm
ss1,27.52793070243572
ss2,16.189091455670145
ss3,16.71905655046071
ss4,17.2469836706902
