subscapLine,stabilityRatio
ss1,-0.14069188676037975
ss2,-0.21435776272000454
ss3,-1.5604504073440943
ss4,-2.1434792504013345
