subscapLine,lineOfAction
ss1,192.65299693488842
ss2,195.28679243615275
ss3,193.2943068207967
ss4,190.54230358914253
