subscapLine,momentArm
ss1,20.086501498266284
ss2,15.445236885201385
ss3,17.058253015247054
ss4,7.9941654045666395
