subscapLine,stabilityRatio
ss1,-0.22449893870679352
ss2,-0.27332131266615795
ss3,-0.2362933453998194
ss4,-0.1861041854568702
