subscapLine,lineOfAction
ss1,181.44550778264662
ss2,174.83694217399716
ss3,162.70703219332546
ss4,153.7537783023716
