subscapLine,momentArm
ss1,6.748728483579859
ss2,1.2636708675055714
ss3,-9.621789440381377
ss4,-9.973804923204371
