subscapLine,stabilityRatio
ss1,0.025234175530895218
ss2,-0.09035851447997739
ss3,-0.31133116343587725
ss4,-0.49307286985229476
