subscapLine,lineOfAction
ss1,180.79273420222665
ss2,180.4752249795492
ss3,180.770080795831
ss4,182.20693041200423
