subscapLine,momentArm
ss1,14.385892061315516
ss2,6.939246480713905
ss3,5.046882172585516
ss4,3.3153695498985876
