subscapLine,stabilityRatio
ss1,-0.013835933300340697
ss2,-0.008293895249383702
ss3,-0.013440040901418773
ss4,-0.03853433084837872
