subscapLine,lineOfAction
ss1,163.28251351905837
ss2,161.45265409542358
ss3,154.26877499349112
ss4,151.19912640661653
