subscapLine,momentArm
ss1,19.903309157043925
ss2,15.918924012432173
ss3,5.554978116898002
ss4,-1.212300258908754
