subscapLine,stabilityRatio
ss1,-0.3003333745315523
ss2,-0.335519149388182
ss3,-0.48195075268726867
ss4,-0.5497761121930902
