subscapLine,lineOfAction
ss1,168.74438551108705
ss2,189.23985096555543
ss3,153.65351377995066
ss4,141.09969720891692
