subscapLine,momentArm
ss1,23.62726884513132
ss2,34.114677545517516
ss3,17.87959393248009
ss4,20.625971840523043
