subscapLine,stabilityRatio
ss1,0.19902296858262283
ss2,-0.1625173701366821
ss3,0.49523863847106886
ss4,0.8069060602335626
