subscapLine,lineOfAction
ss1,161.97129624641903
ss2,164.17698031707857
ss3,166.3315267301999
ss4,187.77425449990994
