subscapLine,momentArm
ss1,9.871789361167759
ss2,12.314621001172746
ss3,17.371257782634714
ss4,27.236149215286844
