subscapLine,stabilityRatio
ss1,0.32547335256012
ss2,0.2834053866512675
ss3,0.2431908454543136
ss4,-0.13652533525031738
