subscapLine,lineOfAction
ss1,143.80177756069565
ss2,140.13405037817935
ss3,126.45277432777164
ss4,125.27789839613868
