subscapLine,lineOfAction
ss1,143.8017775606955
ss2,140.13405037817924
ss3,126.45277432777165
ss4,125.27789839613851
