subscapLine,momentArm
ss1,23.194196591847035
ss2,22.492862899103866
ss3,13.202226975227964
ss4,7.407408271819818
