subscapLine,momentArm
ss1,24.61247017986874
ss2,23.868251490058817
ss3,14.009513821654659
ss4,7.860354829637106
