subscapLine,stabilityRatio
ss1,-0.7319744739519858
ss2,-0.8351600034536714
ss3,-1.3537487652732263
ss4,-1.413475877309254
