subscapLine,stabilityRatio
ss1,-0.7319746055306872
ss2,-0.8351600421879233
ss3,-1.3537487647857909
ss4,-1.413475874949258
