subscapLine,lineOfAction
ss1,163.71595126784734
ss2,170.12007829422032
ss3,169.11741184601067
ss4,171.52420957589965
