subscapLine,momentArm
ss1,27.064743823841457
ss2,19.370081201846816
ss3,7.402034116982763
ss4,7.449212815199123
