subscapLine,stabilityRatio
ss1,0.2921182804533501
ss2,0.1741668544516097
ss3,0.19225442749069793
ss4,0.1490190541763636
