subscapLine,lineOfAction
ss1,186.2100618743884
ss2,171.83535302691507
ss3,154.96690065879656
ss4,152.79586794819704
