subscapLine,momentArm
ss1,8.460031474836164
ss2,12.144589740812503
ss3,11.694296886854886
ss4,2.0149969252850743
