subscapLine,stabilityRatio
ss1,0.10881878287601472
ss2,-0.1434644203205967
ss3,-0.46699366357567124
ss4,-0.5140188914278538
