subscapLine,lineOfAction
ss1,135.01401078350074
ss2,202.0084866533345
ss3,196.08158745442705
ss4,223.68191573966845
