subscapLine,momentArm
ss1,-9.85060465085814
ss2,30.369116571565854
ss3,25.12578561544423
ss4,28.304716097291383
