subscapLine,stabilityRatio
ss1,0.9995072728741469
ss2,-0.4041876251229437
ss3,-0.28827712509196385
ss4,-0.955049135995373
