subscapLine,lineOfAction
ss1,148.23783339650805
ss2,163.32059092850767
ss3,148.67169976826452
ss4,130.70240673425062
