subscapLine,momentArm
ss1,40.911454370885146
ss2,30.812916221451275
ss3,25.126774933605162
ss4,7.98560296928521
