subscapLine,stabilityRatio
ss1,-0.6191083000613047
ss2,-0.29958281604206205
ss3,-0.6086939151948821
ss4,-1.1625101705339447
