subscapLine,lineOfAction
ss1,181.50152111240763
ss2,188.90874628486435
ss3,229.24065382187092
ss4,231.17922732175165
