subscapLine,lineOfAction
ss1,181.5015211124077
ss2,188.90874628486438
ss3,229.24065382187104
ss4,231.17922732175202
