subscapLine,momentArm
ss1,23.29715184658993
ss2,24.136701853547002
ss3,25.357937544000027
ss4,25.781021181596405
