subscapLine,momentArm
ss1,23.35152644640529
ss2,24.19303592875033
ss3,25.41712193336991
ss4,25.84119303087711
