subscapLine,stabilityRatio
ss1,-0.026148579806420894
ss2,-0.15673307671192224
ss3,-1.160368376016213
ss4,-1.2428433169789708
