subscapLine,stabilityRatio
ss1,-0.026148641136496554
ss2,-0.15673308736469527
ss3,-1.1603683396281206
ss4,-1.2428433138055044
