subscapLine,lineOfAction
ss1,169.22648368600665
ss2,161.54170978970762
ss3,156.5047994964028
ss4,151.5269149089617
