subscapLine,momentArm
ss1,17.001371862186616
ss2,13.60745446083615
ss3,6.419276794356359
ss4,-13.149600373034207
