subscapLine,stabilityRatio
ss1,-0.19027741525358474
ss2,-0.33379068929111216
ss3,-0.4347125739823325
ss4,-0.5423475539939928
