subscapLine,lineOfAction
ss1,176.67289275119447
ss2,165.96649503594293
ss3,143.86947182889838
ss4,140.70935229079353
