subscapLine,momentArm
ss1,20.559857127685245
ss2,14.246299243136958
ss3,6.642834979575665
ss4,6.236410946528005
