subscapLine,stabilityRatio
ss1,-0.0581325823873023
ss2,-0.24990635905893285
ss3,-0.7299823036738724
ss4,-0.8182741020335291
