subscapLine,lineOfAction
ss1,152.9608468689744
ss2,136.6851698512891
ss3,120.50579322245511
ss4,117.7707282431505
