subscapLine,momentArm
ss1,21.902241938414225
ss2,25.26537693007226
ss3,13.89448218313658
ss4,7.224608587532751
