subscapLine,stabilityRatio
ss1,-0.5104671064241059
ss2,-0.9432556915718894
ss3,-1.6972675964670465
ss4,-1.8989975333233686
