subscapLine,lineOfAction
ss1,183.67868402018874
ss2,186.0939991192819
ss3,170.2556148930816
ss4,170.68269311345114
