subscapLine,lineOfAction
ss1,183.67868402018877
ss2,186.09399911928196
ss3,170.2556148930816
ss4,170.6826931134511
