subscapLine,momentArm
ss1,17.755845241778232
ss2,20.62496215886422
ss3,14.677271409745394
ss4,12.949532660938281
