subscapLine,momentArm
ss1,17.7323833078483
ss2,20.59770907725125
ss3,14.657877392316252
ss4,12.93242161521905
