subscapLine,stabilityRatio
ss1,-0.0642935183279415
ss2,-0.10676324042714815
ss3,0.1717305366535083
ss4,0.16406647227999588
