subscapLine,stabilityRatio
ss1,-0.06429351832792377
ss2,-0.10676324042714855
ss3,0.17173053665350801
ss4,0.1640664722858827
