subscapLine,lineOfAction
ss1,201.01638983891442
ss2,193.74151182064747
ss3,178.29933474505634
ss4,162.5136323079638
