subscapLine,momentArm
ss1,-10.132424219600622
ss2,-16.599350162772573
ss3,-23.497068390514237
ss4,-21.010000136139958
