subscapLine,stabilityRatio
ss1,0.38419227864545097
ss2,0.24454143161535108
ss3,-0.029690928252527757
ss4,-0.31498843664394666
