subscapLine,lineOfAction
ss1,188.69046961181164
ss2,193.00244390039552
ss3,191.91596202797044
ss4,182.32508880382989
