subscapLine,momentArm
ss1,26.205190898687444
ss2,26.754979231231417
ss3,16.410144401428383
ss4,8.61440637898083
