subscapLine,stabilityRatio
ss1,-0.15272924059950274
ss2,-0.23085905595219777
ss3,-0.21096002475108158
ss4,-0.04059237660800456
