subscapLine,lineOfAction
ss1,179.8311187142216
ss2,190.63880208843136
ss3,166.26930872172505
ss4,194.88912165732992
