subscapLine,momentArm
ss1,19.541288313129986
ss2,23.247026779102903
ss3,19.93196916737025
ss4,30.38561155234005
