subscapLine,momentArm
ss1,18.238185873455013
ss2,21.69680875736254
ss3,18.602814342297908
ss4,28.35936006316542
