subscapLine,stabilityRatio
ss1,0.0029475430176388786
ss2,-0.18784594494118767
ss3,0.24434382682133884
ss4,-0.2658740328136175
