subscapLine,stabilityRatio
ss1,0.002947543017949287
ss2,-0.1878459449411871
ss3,0.24434382716438685
ss4,-0.26587403244822533
