subscapLine,lineOfAction
ss1,171.84993382160616
ss2,151.85805353516898
ss3,148.05182921406976
ss4,140.71209520855925
