subscapLine,momentArm
ss1,17.25247027904873
ss2,19.717747774348062
ss3,10.840089058189474
ss4,4.9465683757600285
