subscapLine,stabilityRatio
ss1,-0.14308267836805227
ss2,-0.5349098454734382
ss3,-0.6237333933226711
ss4,-0.8181483027263609
