subscapLine,lineOfAction
ss1,191.94817191406656
ss2,187.81841903661407
ss3,188.52936415976112
ss4,189.39339648060522
