subscapLine,momentArm
ss1,14.941517875501475
ss2,4.8156041799679805
ss3,2.9346179044350635
ss4,1.7344813854548076
