subscapLine,stabilityRatio
ss1,-0.21170269516189535
ss2,-0.13735095660929517
ss3,-0.1500018367095511
ss4,-0.16553266314244308
