subscapLine,lineOfAction
ss1,159.41152795679758
ss2,166.8739390814703
ss3,149.6497969226233
ss4,148.06033266278214
