subscapLine,momentArm
ss1,33.16904280130741
ss2,25.43286926520906
ss3,22.453474087110926
ss4,-6.184833682546745
