subscapLine,stabilityRatio
ss1,-0.375600654016443
ss2,-0.2331777204389366
ss3,-0.5855711141731955
ss4,-0.6234139340284427
