subscapLine,lineOfAction
ss1,188.63486969915002
ss2,179.25487135519558
ss3,164.8393377308758
ss4,153.42513149614848
