subscapLine,momentArm
ss1,2.662511880658209
ss2,-8.164223694156258
ss3,-8.654380794293482
ss4,-7.628445218082284
