subscapLine,stabilityRatio
ss1,0.15189211984800544
ss2,-0.012986515550655007
ss3,-0.2708812617008581
ss4,-0.5001339494292767
