subscapLine,lineOfAction
ss1,211.64294822637484
ss2,206.5754608176433
ss3,208.47752357274683
ss4,195.8213490807998
