subscapLine,momentArm
ss1,36.897484789995765
ss2,37.765003865358146
ss3,36.692291489235956
ss4,17.842378862238828
