subscapLine,stabilityRatio
ss1,-0.6162438053486035
ss2,-0.5002577249732948
ss3,-0.5424541363999464
ss4,-0.28340249657757194
