subscapLine,lineOfAction
ss1,170.35923447407595
ss2,159.3684566282188
ss3,156.77456515110057
ss4,154.00241664111508
