subscapLine,lineOfAction
ss1,170.35923447407592
ss2,159.36845662821878
ss3,156.7745651511005
ss4,154.002416641115
