subscapLine,momentArm
ss1,17.24496849871583
ss2,14.391821395705776
ss3,6.265400440223849
ss4,-14.00266114932183
