subscapLine,momentArm
ss1,17.14164753184183
ss2,14.305594685474725
ss3,6.227862115269282
ss4,-13.918766041663838
