subscapLine,stabilityRatio
ss1,-0.16986462923635143
ss2,-0.37640767439362927
ss3,-0.4291041822205835
ss4,-0.4876794058940622
