subscapLine,stabilityRatio
ss1,-0.16986462957982662
ss2,-0.37640768785945744
ss3,-0.4291041839137572
ss4,-0.48767940602239335
