subscapLine,lineOfAction
ss1,197.6571885118616
ss2,196.14052208927714
ss3,202.49838395213334
ss4,220.10693450186557
