subscapLine,lineOfAction
ss1,197.65718851186182
ss2,196.1405220892772
ss3,202.49838395213345
ss4,220.10693450186568
