subscapLine,momentArm
ss1,15.203807089937548
ss2,10.414808988987366
ss3,20.321614354631546
ss4,24.07311018239939
