subscapLine,momentArm
ss1,15.384637657794883
ss2,10.538680320191839
ss3,20.563314939346427
ss4,24.359430191501627
