subscapLine,stabilityRatio
ss1,-0.3183176010234063
ss2,-0.2894014898715928
ss3,-0.4141805181289611
ss4,-0.8422850640322963
