subscapLine,stabilityRatio
ss1,-0.31831760102342377
ss2,-0.2894014898715815
ss3,-0.41418051812897816
ss4,-0.8422850640322299
