subscapLine,lineOfAction
ss1,164.01567367478503
ss2,168.56322199696243
ss3,167.3712575419652
ss4,167.49930689604255
