subscapLine,momentArm
ss1,21.33509450175266
ss2,11.54872046510985
ss3,10.662791643522134
ss4,9.781068279494804
