subscapLine,stabilityRatio
ss1,0.2864414146177453
ss2,0.2022972782678684
ss3,0.22404643295810348
ss4,0.22170062146063926
