subscapLine,lineOfAction
ss1,178.53173687537864
ss2,192.37452070323852
ss3,167.9111855339512
ss4,200.8586053963588
