subscapLine,momentArm
ss1,13.404311831916761
ss2,21.122974397176648
ss3,12.168786434175955
ss4,30.189412293241954
