subscapLine,stabilityRatio
ss1,0.025625501121475665
ss2,-0.2194039552648884
ss3,0.21418026641487017
ss4,-0.3810134293762148
