subscapLine,lineOfAction
ss1,175.15201210025361
ss2,177.79457769293168
ss3,167.24933936476594
ss4,195.93692003888805
