subscapLine,momentArm
ss1,12.381798826813567
ss2,13.717220628663588
ss3,12.911360455215732
ss4,26.456533748943443
