subscapLine,momentArm
ss1,12.42019241536818
ss2,13.759755104654856
ss3,12.951396113033212
ss4,26.538570396892798
