subscapLine,stabilityRatio
ss1,0.08481585838339628
ss2,0.038510902104391946
ss3,0.22628901891015377
ss4,-0.28555433722919776
