subscapLine,stabilityRatio
ss1,0.0848158583833974
ss2,0.038510902104363386
ss3,0.22628901891016104
ss4,-0.2855543372355347
