subscapLine,lineOfAction
ss1,183.41667236866843
ss2,173.08780052944059
ss3,165.43205011801632
ss4,160.83651287107193
