subscapLine,momentArm
ss1,20.782383759231863
ss2,23.199519619327727
ss3,21.26737665590033
ss4,18.908824648983554
