subscapLine,stabilityRatio
ss1,0.05970296693794579
ss2,-0.12122934132378281
ss3,-0.25988324220601877
ss4,-0.34752245163257856
