subscapLine,lineOfAction
ss1,178.94532343691458
ss2,183.00182513465074
ss3,180.77674916022843
ss4,179.0850717015748
