subscapLine,momentArm
ss1,16.141350083302058
ss2,14.387083344441963
ss3,7.791726833608659
ss4,4.040258395076174
