subscapLine,stabilityRatio
ss1,0.01844929062430277
ss2,-0.052419387788430624
ss3,-0.013470813264860694
ss4,0.016036443074132878
