subscapLine,lineOfAction
ss1,171.97467334897362
ss2,166.67858065084033
ss3,132.3971064559219
ss4,119.52145276058017
