subscapLine,momentArm
ss1,24.0424814
ss2,14.42342704
ss3,15.61733096
ss4,12.63938796
