subscapLine,momentArm
ss1,24.04248139700974
ss2,14.42342704055014
ss3,15.617330961614355
ss4,12.639387962677354
