subscapLine,stabilityRatio
ss1,-0.14098820989336577
ss2,-0.23677172090258986
ss3,-1.0952550430682526
ss4,-1.7659535206296475
