subscapLine,lineOfAction
ss1,131.85514277783244
ss2,152.09226946903166
ss3,147.58304725020196
ss4,134.26559741812864
