subscapLine,momentArm
ss1,17.539600081990304
ss2,13.335179959317811
ss3,5.924877273734116
ss4,-7.626649929646665
