subscapLine,stabilityRatio
ss1,-1.1162746885406254
ss2,-0.5296244578853048
ss3,-0.6351282196428468
ss4,-1.0260209805707734
