subscapLine,lineOfAction
ss1,172.27064491219866
ss2,150.88004760172362
ss3,140.04902737174595
ss4,142.6708339396307
