subscapLine,momentArm
ss1,21.199561065760115
ss2,25.633406420276614
ss3,20.57787866554744
ss4,0.8032244135550465
