subscapLine,stabilityRatio
ss1,-0.1357270496419471
ss2,-0.557049064964853
ss3,-0.8376428696398037
ss4,-0.7626006741631808
