subscapLine,lineOfAction
ss1,159.4129500743415
ss2,131.48267637293694
ss3,117.75928850148168
ss4,113.83894875782543
