subscapLine,momentArm
ss1,16.8008285681999
ss2,23.291957897406565
ss3,18.301959122893834
ss4,4.379790463908736
