subscapLine,stabilityRatio
ss1,-0.3756158203485686
ss2,-1.130334936200113
ss3,-1.9000324067061587
ss4,-2.2631612261893324
