subscapLine,lineOfAction
ss1,188.0817254841829
ss2,196.4747279460962
ss3,157.26500463131006
ss4,191.09008879311176
