subscapLine,momentArm
ss1,22.991538900477945
ss2,26.992016628299474
ss3,12.208539817259236
ss4,30.00807830846995
