subscapLine,stabilityRatio
ss1,-0.14199872940275526
ss2,-0.2957545334465857
ss3,0.4190723103146774
ss4,-0.1959926408125995
