subscapLine,lineOfAction
ss1,159.75391392152775
ss2,150.22002087953192
ss3,134.2626246298334
ss4,139.40110477343043
