subscapLine,momentArm
ss1,17.646270393369154
ss2,15.88624925313997
ss3,0.09776792516998224
ss4,-6.560262144495549
