subscapLine,stabilityRatio
ss1,-0.36884924721862666
ss2,-0.5722541420841816
ss3,-1.0260674010852946
ss4,-0.8570258915073242
