subscapLine,lineOfAction
ss1,177.6869171734059
ss2,170.9784380298965
ss3,139.75309958610887
ss4,137.97002594756052
