subscapLine,lineOfAction
ss1,177.68691717340582
ss2,170.97843802989647
ss3,139.75309958610882
ss4,137.9700259475605
