subscapLine,momentArm
ss1,22.57954861858293
ss2,11.432908455769528
ss3,8.7496734188256
ss4,8.008893214022784
