subscapLine,momentArm
ss1,22.70925062601314
ss2,11.498581654225703
ss3,8.799933511529396
ss4,8.05489809856231
