subscapLine,stabilityRatio
ss1,-0.040392857814306224
ss2,-0.15877023357393344
ss3,-0.8464696254170185
ss4,-0.9013706790147424
