subscapLine,stabilityRatio
ss1,-0.04039285781430339
ss2,-0.15877023357521564
ss3,-0.8464696254170013
ss4,-0.9013706864080988
