subscapLine,lineOfAction
ss1,175.09759627331917
ss2,181.51406185236945
ss3,170.0718577950356
ss4,153.77636989318376
