subscapLine,momentArm
ss1,17.21537242560524
ss2,22.019579184580557
ss3,14.183080349549218
ss4,9.67766525011627
