subscapLine,stabilityRatio
ss1,0.08584030912576965
ss2,-0.026417252124018485
ss3,0.17502943887760178
ss4,0.49256913296853666
