subscapLine,lineOfAction
ss1,199.70657960068536
ss2,193.6776577243455
ss3,182.62387697112743
ss4,159.50832905955303
