subscapLine,momentArm
ss1,26.30396844460694
ss2,28.904369189675652
ss3,20.156341092579158
ss4,5.745985499662468
