subscapLine,stabilityRatio
ss1,-0.3582164935498186
ss2,-0.2433542578907452
ss3,-0.04577497245411404
ss4,0.37370422541720666
