subscapLine,lineOfAction
ss1,183.8912370026347
ss2,192.81256864562863
ss3,200.58398883211478
ss4,228.89101377224802
