subscapLine,momentArm
ss1,23.070580772032283
ss2,24.869410760571768
ss3,26.604858787270373
ss4,27.408236174530845
