subscapLine,stabilityRatio
ss1,-0.06801605037440632
ss2,-0.22737492544300875
ss3,-0.3755057096957074
ss4,-1.1459889775345211
