subscapLine,lineOfAction
ss1,189.20932557039413
ss2,192.86418618887072
ss3,187.77636128479946
ss4,191.56798678991015
