subscapLine,momentArm
ss1,23.04652918207904
ss2,21.6412734498553
ss3,5.5637008008316275
ss4,5.430766984092023
