subscapLine,stabilityRatio
ss1,-0.16213169409424694
ss2,-0.22837281136234025
ss3,-0.1365626692925183
ss4,-0.20468830819254843
