subscapLine,lineOfAction
ss1,178.25020326850617
ss2,176.24924324464416
ss3,157.6153973392332
ss4,169.46402956204466
