subscapLine,momentArm
ss1,21.45767523858492
ss2,21.13895560280312
ss3,23.87311062218127
ss4,14.164885475898167
