subscapLine,stabilityRatio
ss1,0.03054594335610104
ss2,0.06555653435678487
ss3,0.4118617103321964
ss4,0.18598790260006284
