subscapLine,lineOfAction
ss1,187.0357543395096
ss2,197.62956370183144
ss3,188.92092559082357
ss4,182.54658024261624
