subscapLine,momentArm
ss1,25.690661388551412
ss2,32.648006341320624
ss3,15.80670958805093
ss4,5.891974863118365
