subscapLine,momentArm
ss1,25.38869412803727
ss2,32.264262657690495
ss3,15.620917999432145
ss4,5.8227207679619495
