subscapLine,stabilityRatio
ss1,-0.12341804839087132
ss2,-0.3177866848166319
ss3,-0.1569700189076584
ss4,-0.04447550036422917
