subscapLine,lineOfAction
ss1,174.45651876086805
ss2,159.46438051926242
ss3,161.86273315152738
ss4,160.7477858520696
