subscapLine,momentArm
ss1,20.765444636272907
ss2,26.67778946314386
ss3,21.77995108755319
ss4,16.312473173477166
