subscapLine,stabilityRatio
ss1,0.09705699966901508
ss2,0.3745966334688094
ss3,0.3275744573557342
ss4,0.3492596540294022
