subscapLine,lineOfAction
ss1,165.99526361764447
ss2,155.57615969769108
ss3,150.6605574536521
ss4,144.5879981949697
