subscapLine,momentArm
ss1,15.79812861662165
ss2,15.925090321442623
ss3,17.32851919836308
ss4,7.401811441540076
