subscapLine,stabilityRatio
ss1,-0.24935073922992188
ss2,-0.4539977347614214
ss3,-0.561950845928591
ss4,-0.711011219973965
