subscapLine,lineOfAction
ss1,203.48934965473748
ss2,201.74223787060006
ss3,194.88741611623783
ss4,185.08928415329945
