subscapLine,momentArm
ss1,40.203799945225285
ss2,38.61290917964196
ss3,29.692602703012085
ss4,8.615982777795645
