subscapLine,stabilityRatio
ss1,-0.43458631089118577
ss2,-0.39879849122207
ss3,-0.2658410403484121
ss4,-0.08905865056403821
