subscapLine,lineOfAction
ss1,172.68578396398632
ss2,165.7673533466009
ss3,154.7774962334292
ss4,151.4804777058066
