subscapLine,momentArm
ss1,4.592161606401931
ss2,-4.489898927051494
ss3,-12.068827563997342
ss4,-17.345114890894898
