subscapLine,stabilityRatio
ss1,-0.12840723990944714
ss2,-0.2537545390477608
ss3,-0.47105168492742205
ss4,-0.5434270266329814
