subscapLine,lineOfAction
ss1,192.27875952790066
ss2,182.298221154796
ss3,170.78669478583177
ss4,160.97818249484558
