subscapLine,momentArm
ss1,2.906201575662899
ss2,1.7260721099139376
ss3,-9.053126277392145
ss4,-11.527994664963012
