subscapLine,stabilityRatio
ss1,0.21765650121749588
ss2,0.04013439395772482
ss3,-0.16219206230174882
ss4,-0.3447512467717043
