subscapLine,lineOfAction
ss1,174.8403694811101
ss2,166.8206383092206
ss3,152.99139603276424
ss4,163.47179819401057
