subscapLine,momentArm
ss1,20.669214020565192
ss2,23.183339959511766
ss3,24.707980154060998
ss4,14.195481855077414
