subscapLine,stabilityRatio
ss1,0.0902706168420321
ss2,0.2341664852167016
ss3,0.5096952299916276
ss4,0.2967361263037973
