subscapLine,lineOfAction
ss1,185.9155578682338
ss2,184.43294245413236
ss3,168.3688938263845
ss4,173.25781168538558
