subscapLine,momentArm
ss1,23.8740106067613
ss2,21.271915458683846
ss3,24.535074506283955
ss4,17.281864453584472
