subscapLine,stabilityRatio
ss1,-0.10363902552537502
ss2,-0.07752386911609593
ss3,0.20584323479809272
ss4,0.11822099637740364
