subscapLine,lineOfAction
ss1,163.66621934504226
ss2,170.90232618699406
ss3,112.48097974664033
ss4,124.18789460948216
