subscapLine,lineOfAction
ss1,163.66621934504218
ss2,170.90232618699406
ss3,112.48097974664029
ss4,124.18789460948219
