subscapLine,lineOfAction
ss1,163.6662193
ss2,170.9023262
ss3,112.4809797
ss4,124.1878946
