subscapLine,momentArm
ss1,18.218399651745553
ss2,11.142488801501383
ss3,11.53217160914499
ss4,4.9614494287740225
