subscapLine,momentArm
ss1,18.11507342439462
ss2,11.079293825369126
ss3,11.46676653469748
ss4,4.933310412094873
