subscapLine,stabilityRatio
ss1,-0.2930605733187978
ss2,-0.16013065265228074
ss3,-2.4165519774887247
ss4,-1.4721245411107733
