subscapLine,stabilityRatio
ss1,-0.2930605733187868
ss2,-0.1601306517805848
ss3,-2.4165519828955033
ss4,-1.4721245411317647
