subscapLine,lineOfAction
ss1,177.13145498492818
ss2,167.07882455179484
ss3,149.3100421495615
ss4,144.34299267971693
