subscapLine,momentArm
ss1,6.808898956252305
ss2,6.076269281218887
ss3,12.594129700096033
ss4,5.665506470449664
