subscapLine,stabilityRatio
ss1,-0.05002917008458991
ss2,-0.22914374460761944
ss3,-0.5934661532068514
ss4,-0.7172617713801223
