subscapLine,lineOfAction
ss1,202.70538005932372
ss2,182.507981407271
ss3,170.9853435261676
ss4,160.55918295052612
