subscapLine,momentArm
ss1,-19.38693789656473
ss2,-10.08347608842959
ss3,-15.278247855347143
ss4,-14.601130381012329
