subscapLine,stabilityRatio
ss1,0.41889191001316206
ss2,0.04381904537983565
ss3,-0.15864009617784508
ss4,-0.35275943557046685
