subscapLine,lineOfAction
ss1,190.0971300128151
ss2,194.0841787231582
ss3,163.49440382397273
ss4,159.36225749863013
