subscapLine,momentArm
ss1,10.376840313332252
ss2,1.6210932294317781
ss3,1.5759029899126558
ss4,-6.722160831618413
