subscapLine,stabilityRatio
ss1,0.17808215776938757
ss2,0.25088875935910365
ss3,-0.2963197402954195
ss4,-0.37668589152567794
