subscapLine,lineOfAction
ss1,203.0546092580545
ss2,185.21200826057148
ss3,176.44595812547908
ss4,163.90220460718706
