subscapLine,lineOfAction
ss1,203.05460925805448
ss2,185.21200826057145
ss3,176.44595812547905
ss4,163.90220460718697
