subscapLine,momentArm
ss1,-19.266667921517868
ss2,-11.155756837580386
ss3,-22.46687743861653
ss4,-18.894017455601862
