subscapLine,momentArm
ss1,-19.770546378781816
ss2,-11.447511777657688
ss3,-23.0544505254327
ss4,-19.388150037625312
