subscapLine,stabilityRatio
ss1,0.4256001136956334
ss2,0.09126058370202102
ss3,-0.062108759959522794
ss4,-0.2885811654235052
