subscapLine,stabilityRatio
ss1,0.4256001136956323
ss2,0.09126057197117814
ss3,-0.06210876025596426
ss4,-0.2885811727573537
