subscapLine,lineOfAction
ss1,167.69783670360846
ss2,174.12065108627513
ss3,113.13204054550303
ss4,137.47627731483615
