subscapLine,lineOfAction
ss1,167.69783670360843
ss2,174.1206510862751
ss3,113.13204054550306
ss4,137.47627731483612
