subscapLine,momentArm
ss1,17.078040766155322
ss2,10.371067451254259
ss3,10.86503346670321
ss4,-3.6562244703109084
