subscapLine,momentArm
ss1,16.981182120135724
ss2,10.31224761560323
ss3,10.803412087239803
ss4,-3.6354880780872496
