subscapLine,stabilityRatio
ss1,-0.21807576627439385
ss2,-0.10297625070235472
ss3,-2.3408338899338585
ss4,-0.9170928662151954
