subscapLine,stabilityRatio
ss1,-0.2180757661653018
ss2,-0.102976250342796
ss3,-2.340833890326682
ss4,-0.917092866240046
