subscapLine,lineOfAction
ss1,191.00551086556558
ss2,186.41119429293755
ss3,168.1822814070892
ss4,172.44755984135406
