subscapLine,momentArm
ss1,21.89914785142557
ss2,20.897910643525687
ss3,25.25095866858345
ss4,18.03272039530463
