subscapLine,stabilityRatio
ss1,-0.19448935196205522
ss2,-0.11236474782701171
ss3,0.20924321427783144
ss4,0.132601476405611
