subscapLine,lineOfAction
ss1,166.67109626592455
ss2,129.77886987677303
ss3,147.69767571651954
ss4,149.88491997049678
