subscapLine,momentArm
ss1,26.733663090901953
ss2,13.279611548016701
ss3,1.642028181196022
ss4,-1.5435566903218718
