subscapLine,stabilityRatio
ss1,-0.23697333221928304
ss2,-1.201146906038862
ss3,-0.6322598004424899
ss4,-0.5800434183442734
