subscapLine,lineOfAction
ss1,173.63133310582197
ss2,164.72119595098795
ss3,157.61510247115973
ss4,147.05745795686806
