subscapLine,momentArm
ss1,8.154780115014573
ss2,3.553145339512505
ss3,1.2871862263640128
ss4,-4.818412336211019
