subscapLine,stabilityRatio
ss1,-0.1113202330834206
ss2,-0.27309552013969557
ss3,-0.4116205731773141
ss4,-0.6484558502471898
