subscapLine,lineOfAction
ss1,181.8089660677571
ss2,168.42567455698105
ss3,149.842929557878
ss4,152.29435221287034
