subscapLine,lineOfAction
ss1,181.808966067757
ss2,168.42567455698102
ss3,149.84292955787797
ss4,152.29435221287034
