subscapLine,momentArm
ss1,10.515173772654654
ss2,15.452320522034588
ss3,2.017727483336054
ss4,-5.070062259801916
