subscapLine,momentArm
ss1,10.790175633900708
ss2,15.8564428880559
ss3,2.070496826515908
ss4,-5.202658885233336
