subscapLine,stabilityRatio
ss1,0.03158290876684102
ss2,-0.2048035762841828
ss3,-0.5810113397796715
ss4,-0.5251389794253671
