subscapLine,stabilityRatio
ss1,0.031582908766845955
ss2,-0.20480357628418705
ss3,-0.5810113397629788
ss4,-0.5251389792563804
