subscapLine,lineOfAction
ss1,217.07912859154922
ss2,219.4352926716655
ss3,199.8941395385148
ss4,182.9788490082929
