subscapLine,momentArm
ss1,32.01578072728782
ss2,34.69741042185722
ss3,27.275518327145157
ss4,2.5630297839096623
