subscapLine,stabilityRatio
ss1,-0.7556314469279395
ss2,-0.8224210450990298
ss3,-0.3618692222648067
ss4,-0.052034117690853705
