subscapLine,lineOfAction
ss1,171.30566623941127
ss2,161.84198025308024
ss3,152.7455635354919
ss4,133.1040899511606
