subscapLine,momentArm
ss1,9.74428778404768
ss2,5.378766079530086
ss3,3.3885975562750192
ss4,-4.987252536553856
