subscapLine,stabilityRatio
ss1,-0.15279265589560442
ss2,-0.3266195367116065
ss3,-0.5147696877388839
ss4,-1.06856730125744
