subscapLine,lineOfAction
ss1,161.98486462388485
ss2,173.8494483306415
ss3,114.10239217417698
ss4,126.13205834379129
