subscapLine,momentArm
ss1,18.344179617309663
ss2,8.636538280424112
ss3,10.755084939473317
ss4,4.362671331180053
