subscapLine,stabilityRatio
ss1,-0.3252117717955757
ss2,-0.10776162469051388
ss3,-2.23527761579115
ss4,-1.3697317764157484
