subscapLine,lineOfAction
ss1,187.90425898037284
ss2,195.8058412465953
ss3,193.5042654069042
ss4,187.10110594563383
