subscapLine,momentArm
ss1,24.964994532754254
ss2,28.20895928846535
ss3,16.553451955421842
ss4,10.53236042131627
