subscapLine,stabilityRatio
ss1,-0.13887770916294015
ss2,-0.2830948126424146
ss3,-0.2401731474932289
ss4,-0.12457688507994277
