subscapLine,lineOfAction
ss1,183.71740094889802
ss2,170.6235521941781
ss3,155.87630634140976
ss4,149.837582287345
