subscapLine,momentArm
ss1,4.774880710295803
ss2,9.582036185309436
ss3,14.122237030490291
ss4,9.031052799199587
