subscapLine,stabilityRatio
ss1,0.06497207906218797
ss2,-0.16508314414345368
ss3,-0.4477272179769885
ss4,-0.5811361071399606
