subscapLine,lineOfAction
ss1,144.9930650756681
ss2,198.99202766422235
ss3,195.3946574502571
ss4,223.1248028192555
