subscapLine,momentArm
ss1,-3.854511516837648
ss2,28.825137569104292
ss3,24.788369975467358
ss4,28.92241113298859
