subscapLine,stabilityRatio
ss1,0.7003819818689476
ss2,-0.3441242333675065
ss3,-0.27530423872255455
ss4,-0.9366196707887335
