subscapLine,lineOfAction
ss1,185.69568894290646
ss2,181.26408044378326
ss3,180.74697320298245
ss4,176.64925120891232
