subscapLine,lineOfAction
ss1,185.69568894290634
ss2,181.26408044378312
ss3,180.74697320298233
ss4,176.64925120891218
