subscapLine,momentArm
ss1,26.971815228643624
ss2,30.960409942108353
ss3,22.447826262624478
ss4,21.312335639080935
