subscapLine,momentArm
ss1,26.84170772715644
ss2,30.81106213038566
ss3,22.33954172322325
ss4,21.209528515520628
