subscapLine,stabilityRatio
ss1,-0.0997372782874968
ss2,-0.022065946055179378
ss3,-0.013037880494690958
ss4,0.058548361067872125
