subscapLine,stabilityRatio
ss1,-0.09973727828749519
ss2,-0.022065946055186247
ss3,-0.013037880494689832
ss4,0.05854836106790037
