subscapLine,lineOfAction
ss1,221.3921757220628
ss2,221.6940669621742
ss3,202.2576610147294
ss4,198.63771016910448
