subscapLine,stabilityRatio
ss1,-0.8813848787753396
ss2,-0.8908030984274077
ss3,-0.4092673124192926
ss4,-0.3372707851073053
