subscapLine,lineOfAction
ss1,176.2127280822406
ss2,161.68855526481357
ss3,136.67595165265737
ss4,147.0306094732606
