subscapLine,momentArm
ss1,21.446681505753073
ss2,22.52751657196835
ss3,17.662446858344506
ss4,-3.740407765569339
