subscapLine,stabilityRatio
ss1,-0.06619680303594017
ss2,-0.3309399904293723
ss3,-0.9431450907225876
ss4,-0.6486483169549807
