subscapLine,lineOfAction
ss1,181.19463621134474
ss2,192.83395747660128
ss3,204.2529336616537
ss4,232.19037285443002
