subscapLine,momentArm
ss1,22.90882612299195
ss2,26.00264753344703
ss3,28.930781342231892
ss4,30.229149018307677
