subscapLine,stabilityRatio
ss1,-0.020753436290595298
ss2,-0.2277826509637439
ss3,-0.4505094271200177
ss4,-1.2888543534032457
