subscapLine,lineOfAction
ss1,133.83036811245776
ss2,145.89302337749075
ss3,152.75256602968756
ss4,147.3011782932376
