subscapLine,momentArm
ss1,26.473798836523773
ss2,18.444570184546066
ss3,5.687113795689505
ss4,0.12355306397173542
