subscapLine,stabilityRatio
ss1,-1.0417430325638835
ss2,-0.6772583560530531
ss3,-0.5150030145734791
ss4,-0.6420297231154721
