subscapLine,lineOfAction
ss1,176.1938952385475
ss2,168.51707561537748
ss3,167.61077712819397
ss4,169.54636674151493
