subscapLine,momentArm
ss1,23.892808865001285
ss2,21.567838550498433
ss3,16.92346053115881
ss4,12.37912433882877
