subscapLine,stabilityRatio
ss1,0.06652694570878274
ss2,0.203141956391733
ss3,0.21966707856269121
ss4,0.1845021197020275
