subscapLine,lineOfAction
ss1,150.62077561888012
ss2,147.76078853838595
ss3,132.23995419216686
ss4,147.07406852873103
