subscapLine,lineOfAction
ss1,150.6207756188801
ss2,147.76078853838598
ss3,132.23995419216686
ss4,147.07406852873103
