subscapLine,momentArm
ss1,27.02637729377569
ss2,26.198964252682472
ss3,18.762037046743604
ss4,-3.9269590237344056
