subscapLine,momentArm
ss1,26.864452299056072
ss2,26.04199659467326
ss3,18.649626762645966
ss4,-3.9034311638117694
