subscapLine,stabilityRatio
ss1,-0.563030770929173
ss2,-0.6307091488655002
ss3,-1.1012995643510524
ss4,-0.6475545602591255
