subscapLine,stabilityRatio
ss1,-0.5630307336638598
ss2,-0.6307091362737346
ss3,-1.1012995647484838
ss4,-0.6475545618191515
