subscapLine,lineOfAction
ss1,181.47807589909712
ss2,175.60839872473952
ss3,161.7711472343762
ss4,157.9134436607926
