subscapLine,momentArm
ss1,22.754560141026506
ss2,21.59408989454278
ss3,19.98129897574576
ss4,16.603834675933133
