subscapLine,stabilityRatio
ss1,0.0258030152584096
ss2,-0.07679835486412183
ss3,-0.3293413750191329
ss4,-0.405784594817496
