subscapLine,lineOfAction
ss1,166.39688051163165
ss2,155.0822644603743
ss3,153.69863314344752
ss4,141.0474612378627
