subscapLine,momentArm
ss1,23.835315754631672
ss2,22.160475053159914
ss3,15.633620762551983
ss4,-4.911349092351568
