subscapLine,stabilityRatio
ss1,-0.23955913490470648
ss2,-0.4648346473833163
ss3,-0.4944544446467304
ss4,-0.8084167644704988
