subscapLine,lineOfAction
ss1,192.60205228648144
ss2,181.0175210132155
ss3,176.20737810576486
ss4,174.79760821377917
