subscapLine,lineOfAction
ss1,192.6020522864817
ss2,181.01752101321551
ss3,176.20737810576492
ss4,174.7976082137791
