subscapLine,momentArm
ss1,27.20593463285408
ss2,22.76145333520527
ss3,20.654999087205614
ss4,17.853598154266322
