subscapLine,momentArm
ss1,27.169985691411714
ss2,22.73137717115734
ss3,20.627706315878243
ss4,17.830007053161065
