subscapLine,stabilityRatio
ss1,-0.22356372585450315
ss2,-0.017760959110178817
ss3,0.06629058748980989
ss4,0.09104921971014737
