subscapLine,stabilityRatio
ss1,-0.22356372599772503
ss2,-0.01776095911017833
ss3,0.06629058748981084
ss4,0.09104921971017982
