subscapLine,lineOfAction
ss1,190.86963156671658
ss2,191.98738518686548
ss3,191.46188140934845
ss4,186.44946524009967
