subscapLine,momentArm
ss1,20.01651385833043
ss2,17.709489585686836
ss3,13.716655679767511
ss4,6.115461525382743
