subscapLine,stabilityRatio
ss1,-0.19201595217375966
ss2,-0.21232245518689719
ss3,-0.20275729677761103
ss4,-0.11303650206621142
