subscapLine,lineOfAction
ss1,196.28334034883991
ss2,196.38761885455907
ss3,195.09463463419934
ss4,187.23090224561588
