subscapLine,momentArm
ss1,22.39376574347345
ss2,19.26430692214379
ss3,14.211977643160456
ss4,3.5620190404500134
