subscapLine,stabilityRatio
ss1,-0.29214877862485367
ss2,-0.29409231866893415
ss3,-0.2697285131185083
ss4,-0.12689548357166647
