subscapLine,lineOfAction
ss1,188.71773269010095
ss2,193.99579720921773
ss3,191.45326849694953
ss4,183.63831649588258
