subscapLine,momentArm
ss1,18.719616898588956
ss2,21.037583945328322
ss3,17.359972297600574
ss4,5.233683361838142
