subscapLine,stabilityRatio
ss1,-0.1533382066721946
ss2,-0.24920992243092555
ss3,-0.20257764455519978
ss4,-0.06358400462820867
