subscapLine,lineOfAction
ss1,165.59887040229552
ss2,154.08881059287845
ss3,151.1861466800346
ss4,117.22458113180977
