subscapLine,momentArm
ss1,29.68499663490187
ss2,31.255971628309418
ss3,26.742564051867568
ss4,16.126501300820127
