subscapLine,stabilityRatio
ss1,-0.25659335728960736
ss2,-0.4857424705976226
ss3,-0.5498229700440239
ss4,-1.9437345231363086
