subscapLine,lineOfAction
ss1,167.95976122094135
ss2,178.1401045777183
ss3,178.6690327385468
ss4,137.88948107303318
