subscapLine,momentArm
ss1,24.07317764193496
ss2,16.443625233166657
ss3,17.51600546361986
ss4,20.240757691040393
