subscapLine,stabilityRatio
ss1,0.21328818882787368
ss2,0.03244215169275693
ss3,0.023233938576802438
ss4,0.9063743948371414
