subscapLine,lineOfAction
ss1,177.68560985030032
ss2,160.66307323155888
ss3,120.86287144919594
ss4,120.86287144919594
