subscapLine,momentArm
ss1,17.18122285761222
ss2,14.774722925246829
ss3,16.52335043808027
ss4,16.52335043808027
