subscapLine,stabilityRatio
ss1,-0.04040027129877187
ss2,-0.35090393563013594
ss3,-1.6732897744160202
ss4,-1.6732897744160202
