subscapLine,lineOfAction
ss1,185.20245315888016
ss2,197.56395199198528
ss3,195.48270325728973
ss4,192.90985040176886
