subscapLine,momentArm
ss1,13.57971185703694
ss2,19.0161917766397
ss3,17.26428227261683
ss4,15.908452490026221
