subscapLine,stabilityRatio
ss1,-0.09103497226991168
ss2,-0.3165743466892968
ss3,-0.27694291817102606
ss4,-0.22920821353264387
