subscapLine,lineOfAction
ss1,169.08050601838897
ss2,163.70629845321267
ss3,145.4640263260852
ss4,154.92137193001926
