subscapLine,lineOfAction
ss1,169.08050601838906
ss2,163.70629845321267
ss3,145.46402632608508
ss4,154.9213719300193
