subscapLine,momentArm
ss1,21.658612295926265
ss2,18.85253647638261
ss3,1.995207835624614
ss4,-3.4849567934404386
