subscapLine,momentArm
ss1,21.540005005506107
ss2,18.749295869899623
ss3,1.9842816418327345
ss4,-3.465872409046181
