subscapLine,stabilityRatio
ss1,-0.1929219842518407
ss2,-0.2923052744035058
ss3,-0.6882063396047531
ss4,-0.4679830682385925
