subscapLine,stabilityRatio
ss1,-0.19292198385795403
ss2,-0.2923052751774551
ss3,-0.6882063396501247
ss4,-0.4679830685322546
