subscapLine,lineOfAction
ss1,168.97679380135332
ss2,152.8349490276932
ss3,138.34138024658552
ss4,146.13188986413803
