subscapLine,lineOfAction
ss1,168.97679380135338
ss2,152.83494902769326
ss3,138.34138024658557
ss4,146.131889864138
