subscapLine,momentArm
ss1,22.969707679859038
ss2,24.94054485614944
ss3,21.802737330048483
ss4,5.865550518833106
