subscapLine,momentArm
ss1,22.73448261859288
ss2,24.685137113327187
ss3,21.57946282017181
ss4,5.80548338609541
