subscapLine,stabilityRatio
ss1,-0.19480067015743047
ss2,-0.5131580082330721
ss3,-0.889672935992713
ss4,-0.6711649352013191
