subscapLine,stabilityRatio
ss1,-0.194800670157327
ss2,-0.5131580094469642
ss3,-0.8896729359708246
ss4,-0.6711649351568476
