subscapLine,lineOfAction
ss1,190.24102611868423
ss2,183.9585760005695
ss3,193.90921423784602
ss4,200.57704596747024
