subscapLine,momentArm
ss1,21.581066677013716
ss2,16.56442006062758
ss3,23.579589566641936
ss4,20.267728428980437
