subscapLine,stabilityRatio
ss1,-0.18068127500848605
ss2,-0.06920298327063841
ss3,-0.24765659328611914
ss4,-0.3754166234917007
