subscapLine,lineOfAction
ss1,170.5666473266255
ss2,183.1687780998271
ss3,197.14031563935754
ss4,192.9896156563433
