subscapLine,momentArm
ss1,18.05970630954254
ss2,22.54746902838822
ss3,26.685116156572473
ss4,22.892429071589277
