subscapLine,momentArm
ss1,18.101856925627715
ss2,22.60009389915942
ss3,26.74739812655719
ss4,22.945859064996434
