subscapLine,stabilityRatio
ss1,0.16614705182061998
ss2,-0.05536206813571248
ss3,-0.3084116479489248
ss4,-0.23068032413005368
