subscapLine,stabilityRatio
ss1,0.16614705182061568
ss2,-0.05536206813571011
ss3,-0.30841164780826974
ss4,-0.2306803239188042
