subscapLine,lineOfAction
ss1,181.6343770792767
ss2,143.73323760876195
ss3,137.41533539637453
ss4,230.60307520374405
