subscapLine,momentArm
ss1,25.912254196745376
ss2,7.808772375439212
ss3,3.067697569685886
ss4,17.188083276406783
