subscapLine,stabilityRatio
ss1,-0.02853300068336254
ss2,0.7336802792035225
ss3,0.9190532876208583
ss4,-1.217553154208226
