subscapLine,lineOfAction
ss1,185.06947647412036
ss2,189.40841307626238
ss3,174.8704460879535
ss4,217.58765687747763
