subscapLine,momentArm
ss1,17.778096232065632
ss2,17.089905238004846
ss3,13.604951043830015
ss4,26.649412125429038
