subscapLine,stabilityRatio
ss1,-0.08871170037795297
ss2,-0.16570389033632862
ss3,0.0897703422228864
ss4,-0.7697174571364378
