subscapLine,lineOfAction
ss1,171.64565373955384
ss2,165.563447870912
ss3,181.37571380918257
ss4,158.63603445552246
