subscapLine,momentArm
ss1,20.749214068471876
ss2,24.07512366429297
ss3,12.447163686362302
ss4,23.94806369943751
