subscapLine,stabilityRatio
ss1,0.1468505262412206
ss2,0.25743456498687434
ss3,-0.02403694865988557
ss4,0.3912268814328461
