subscapLine,lineOfAction
ss1,222.34538100053598
ss2,217.63345956988826
ss3,200.5200388427898
ss4,193.23258095041152
