subscapLine,momentArm
ss1,17.42549896896412
ss2,17.20196643824269
ss3,19.23397588350875
ss4,11.456087612409153
