subscapLine,stabilityRatio
ss1,-0.9113084648450818
ss2,-0.7710284630588496
ss3,-0.37428250203560065
ss4,-0.23515937220710764
