subscapLine,lineOfAction
ss1,151.88927922948474
ss2,165.97222214265622
ss3,152.25868863747633
ss4,120.32109071813127
