subscapLine,momentArm
ss1,23.219397371034475
ss2,13.58972996385322
ss3,10.73383659100368
ss4,-6.618203814095284
