subscapLine,momentArm
ss1,22.70662279412786
ss2,13.009783190962347
ss3,10.66050358329644
ss4,-7.52666698709084
