subscapLine,stabilityRatio
ss1,-0.5330956804699538
ss2,-0.24944425574674078
ss3,-0.5258048148809215
ss4,-1.709203985786783
