subscapLine,lineOfAction
ss1,180.6231590198378
ss2,184.3068543929883
ss3,182.88377730157166
ss4,177.12823094872093
