subscapLine,momentArm
ss1,17.917785952330778
ss2,18.480673117032396
ss3,16.393542293669597
ss4,10.718627369078265
