subscapLine,stabilityRatio
ss1,-0.010861820049553309
ss2,-0.07523263625861781
ss3,-0.0501958317142296
ss4,0.05039312641152058
