subscapLine,lineOfAction
ss1,211.87562251252484
ss2,211.87562251252484
ss3,198.93058976525282
ss4,198.12648293199436
