subscapLine,momentArm
ss1,40.67348577251517
ss2,40.67348577251517
ss3,32.14802371209883
ss4,20.26361863891014
