subscapLine,stabilityRatio
ss1,-0.6218419752581511
ss2,-0.6218419752581511
ss3,-0.34289899458099715
ss4,-0.32736449675062057
