subscapLine,lineOfAction
ss1,177.96645351289055
ss2,171.42290868441697
ss3,147.27746385736836
ss4,144.74099630250925
