subscapLine,momentArm
ss1,22.507774824117323
ss2,11.272444516701887
ss3,6.204903847899927
ss4,5.578114299057689
