subscapLine,stabilityRatio
ss1,-0.035506992187006925
ss2,-0.15082682861199345
ss3,-0.6425441709950127
ss4,-0.7069657857936589
