subscapLine,lineOfAction
ss1,191.40982431833078
ss2,196.21957688222585
ss3,187.6456037886459
ss4,193.3268113751426
