subscapLine,momentArm
ss1,23.53244449871735
ss2,25.67672538222356
ss3,5.979068497406609
ss4,7.257527224610006
