subscapLine,stabilityRatio
ss1,-0.2018138135356043
ss2,-0.2908974144639649
ss3,-0.13423868009320408
ss4,-0.23688413343799467
