subscapLine,lineOfAction
ss1,187.6882986999229
ss2,179.68534968922984
ss3,164.73704158207028
ss4,151.60050795317426
