subscapLine,momentArm
ss1,1.5616099417593499
ss2,-8.137730820453571
ss3,-11.076480038750951
ss4,-8.76901969442948
