subscapLine,stabilityRatio
ss1,0.13497492485856807
ss2,-0.005502191169447731
ss3,-0.2728826638478453
ss4,-0.5407115116698533
