subscapLine,lineOfAction
ss1,182.6239019747446
ss2,197.88132548953655
ss3,156.5094349249694
ss4,193.94297886205874
