subscapLine,momentArm
ss1,20.675399418859207
ss2,29.488296978547332
ss3,12.35771214061744
ss4,29.43110975459481
