subscapLine,stabilityRatio
ss1,-0.045896537288007785
ss2,-0.3227032339498564
ss3,0.4346182832837188
ss4,-0.2482640567248944
