subscapLine,lineOfAction
ss1,181.94542109029433
ss2,194.8000659733416
ss3,153.79981369083083
ss4,198.32232857370047
