subscapLine,momentArm
ss1,21.921571392862354
ss2,28.77942128446486
ss3,13.181270012263777
ss4,29.06706515430282
