subscapLine,stabilityRatio
ss1,-0.03398453604853633
ss2,-0.26421307153172363
ss3,0.49207088621271966
ss4,-0.33115033892459905
