subscapLine,lineOfAction
ss1,220.23587420796193
ss2,221.42335483762054
ss3,209.60024803444946
ss4,191.13444968649605
