subscapLine,momentArm
ss1,36.311110205739304
ss2,37.145224109715585
ss3,24.264346322203277
ss4,15.833682794652164
