subscapLine,momentArm
ss1,33.88971937734581
ss2,34.668210752969756
ss3,22.64628878255086
ss4,14.777820440639024
