subscapLine,stabilityRatio
ss1,-0.8461393476958464
ss2,-0.8823432939174007
ss3,-0.5680847910755487
ss4,-0.19681667747226977
