subscapLine,stabilityRatio
ss1,-0.8461393476958451
ss2,-0.8823432939173997
ss3,-0.5680847910759003
ss4,-0.1968166774723911
