subscapLine,lineOfAction
ss1,136.27508992876128
ss2,139.95888886093212
ss3,176.91309637113937
ss4,230.81601421021804
