subscapLine,lineOfAction
ss1,136.2750899287611
ss2,139.95888886093203
ss3,176.91309637113946
ss4,230.81601421021804
