subscapLine,momentArm
ss1,2.6355656085154777
ss2,5.681525307574614
ss3,23.44894177567923
ss4,16.691376862375215
