subscapLine,momentArm
ss1,2.662816985192414
ss2,5.740271477943599
ss3,23.69140052644666
ss4,16.86396334501284
