subscapLine,stabilityRatio
ss1,0.9564528971799721
ss2,0.8403230934322393
ss3,0.053928821692813274
ss4,-1.2268210737734537
