subscapLine,stabilityRatio
ss1,0.9564528971775083
ss2,0.8403230934322415
ss3,0.05392882169281078
ss4,-1.2268210737734524
