subscapLine,lineOfAction
ss1,186.58575030018216
ss2,166.52328693771264
ss3,176.51846334753648
ss4,173.91941490109835
