subscapLine,momentArm
ss1,26.096636421480028
ss2,36.6393806376195
ss3,24.279785958739975
ss4,21.881735008457547
