subscapLine,stabilityRatio
ss1,-0.11545192123975362
ss2,0.2396489413099355
ss3,0.06083917482885262
ss4,0.1065264589421377
