subscapLine,lineOfAction
ss1,169.58289962065766
ss2,165.544184088203
ss3,181.9805238482116
ss4,157.00709033063433
