subscapLine,momentArm
ss1,24.313666947603632
ss2,26.294065975191923
ss3,14.996504331636523
ss4,24.744918934264685
