subscapLine,stabilityRatio
ss1,0.18384178077926322
ss2,0.2577917546210735
ss3,-0.0346027671828013
ss4,0.4244123270980574
