subscapLine,lineOfAction
ss1,156.4545870207061
ss2,145.23196227044934
ss3,121.38166012896019
ss4,123.700890161584
