subscapLine,momentArm
ss1,19.829795725811568
ss2,22.126332391302917
ss3,9.766144145957059
ss4,3.8809351296793744
