subscapLine,stabilityRatio
ss1,-0.4357748795733039
ss2,-0.6941913344292229
ss3,-1.6394413023676546
ss4,-1.499384718846383
