subscapLine,lineOfAction
ss1,179.29579145106126
ss2,180.95063258167662
ss3,166.05563413757963
ss4,166.05563413757963
