subscapLine,momentArm
ss1,16.005088447752108
ss2,6.238780794388472
ss3,11.276640046214082
ss4,11.276640046214082
