subscapLine,stabilityRatio
ss1,0.012282704057515985
ss2,-0.01664125862425125
ss3,0.2482959019638313
ss4,0.2482959019638313
