subscapLine,lineOfAction
ss1,165.69895204260195
ss2,164.06738762843062
ss3,146.2205382615185
ss4,144.1258601752885
