subscapLine,momentArm
ss1,17.545849982771777
ss2,6.388752665929458
ss3,12.743145421814534
ss4,8.953189775113035
