subscapLine,stabilityRatio
ss1,-0.25388141180899076
ss2,-0.28547297297297913
ss3,-0.6687164137929024
ss4,-0.723228429098786
