subscapLine,lineOfAction
ss1,169.22626910104324
ss2,173.83418713322249
ss3,170.33919880221399
ss4,195.25771266530813
