subscapLine,momentArm
ss1,9.948288034541756
ss2,12.311831965430663
ss3,15.06269419923083
ss4,28.090925472173883
