subscapLine,stabilityRatio
ss1,0.19028507751392698
ss2,0.10803108367598427
ss3,0.1702290748768383
ss4,-0.2727760104896938
