subscapLine,lineOfAction
ss1,186.4803568864894
ss2,205.12825471730807
ss3,194.09184814658386
ss4,190.0184507616441
