subscapLine,lineOfAction
ss1,186.48035688648946
ss2,205.12825471730804
ss3,194.0918481465838
ss4,190.01845076164406
