subscapLine,momentArm
ss1,28.482205243157303
ss2,38.400857767815964
ss3,24.037471056734514
ss4,18.876032923819857
