subscapLine,momentArm
ss1,27.110381402916296
ss2,36.55130954211284
ss3,22.879724471692445
ss4,17.966883096655586
