subscapLine,momentArm
ss1,26.582881588291464
ss2,35.8401130184931
ss3,22.434542596966526
ss4,17.617292754785577
