subscapLine,stabilityRatio
ss1,-0.11358833436898115
ss2,-0.46903571602096356
ss3,-0.25103031355601596
ss4,-0.1766589941850295
