subscapLine,stabilityRatio
ss1,-0.11358833436907392
ss2,-0.4690357160210173
ss3,-0.25103031341561627
ss4,-0.17665899418012232
