subscapLine,lineOfAction
ss1,163.33196464870832
ss2,145.26496271848458
ss3,144.1134551254178
ss4,148.3735916483297
