subscapLine,momentArm
ss1,14.696684009415707
ss2,20.711768246403153
ss3,5.776664818996906
ss4,-19.356523565399673
