subscapLine,stabilityRatio
ss1,-0.2994370848411686
ss2,-0.6933824474868566
ss3,-0.7237709904113533
ss4,-0.6157804041131978
