subscapLine,lineOfAction
ss1,149.66542771439038
ss2,152.92831494078
ss3,142.9292461782444
ss4,142.90077055865092
