subscapLine,lineOfAction
ss1,149.66542771439038
ss2,152.92831494077996
ss3,142.92924617824434
ss4,142.90077055865086
