subscapLine,momentArm
ss1,28.173424240427224
ss2,25.14494657235541
ss3,17.945457323827203
ss4,0.0037996307789381783
