subscapLine,momentArm
ss1,28.343239039574573
ss2,25.29650727776751
ss3,18.05362323951588
ss4,0.003822532983940057
