subscapLine,stabilityRatio
ss1,-0.5851896993863518
ss2,-0.5111024563813052
ss3,-0.7554941407817684
ss4,-0.756263892665949
