subscapLine,stabilityRatio
ss1,-0.5851897238125945
ss2,-0.5111024564139387
ss3,-0.7554941414823103
ss4,-0.7562638907184015
