subscapLine,lineOfAction
ss1,179.8510461547643
ss2,168.9279391342534
ss3,155.44300854364593
ss4,211.6608923891874
