subscapLine,momentArm
ss1,4.429464491135622
ss2,8.308515633901333
ss3,8.442140767649338
ss4,-20.487850490926274
