subscapLine,stabilityRatio
ss1,-0.0025164272491434896
ss2,-0.1955978977136343
ss3,-0.4569275875034389
ss4,0.6166642720563282
