subscapLine,lineOfAction
ss1,172.2141515368972
ss2,165.8755740705924
ss3,130.86449152256546
ss4,123.78990617933252
