subscapLine,momentArm
ss1,23.160927267384555
ss2,15.057996461668395
ss3,19.157485368272503
ss4,17.324407901756718
