subscapLine,stabilityRatio
ss1,-0.13672151433966165
ss2,-0.2516096131295887
ss3,-1.155950304502543
ss4,-1.4943556794321844
