subscapLine,lineOfAction
ss1,162.0885572672283
ss2,184.4993525070359
ss3,181.37618417017643
ss4,175.1521302427371
