subscapLine,momentArm
ss1,3.7232300430946372
ss2,18.595140291423682
ss3,15.01113196369854
ss4,9.883761131431697
