subscapLine,stabilityRatio
ss1,0.32330085691185534
ss2,-0.07868815449196696
ss3,-0.023957282730450946
ss4,0.08481662596725952
