subscapLine,lineOfAction
ss1,163.98727367180547
ss2,171.66541813627896
ss3,122.46528409286711
ss4,143.33943328854437
