subscapLine,lineOfAction
ss1,163.9872736718055
ss2,171.66541813627893
ss3,122.46528409286715
ss4,143.3394332885443
