subscapLine,momentArm
ss1,18.683967057153456
ss2,11.572183397711548
ss3,12.473075167009032
ss4,3.9213038977619554
