subscapLine,momentArm
ss1,18.57800034960131
ss2,11.506551395145097
ss3,12.402333728402585
ss4,3.8990640992177714
