subscapLine,stabilityRatio
ss1,-0.2869857804546741
ss2,-0.14649828206151733
ss3,-1.5717863840287662
ss4,-0.7443132907090099
