subscapLine,stabilityRatio
ss1,-0.2869857804546752
ss2,-0.1464982831149292
ss3,-1.5717863840287498
ss4,-0.7443132896441192
