subscapLine,lineOfAction
ss1,163.3361357454759
ss2,159.99771936464506
ss3,145.13196287717528
ss4,108.72321988228951
