subscapLine,momentArm
ss1,16.15734513994603
ss2,17.264622131471295
ss3,19.929330228234317
ss4,3.678103105690465
