subscapLine,stabilityRatio
ss1,-0.29886432383265005
ss2,-0.36400327925878884
ss3,-0.6966052431439882
ss4,-2.950503522209027
